word,label
desert,1
learn,1
other,1
table,1
banana,1
plant,1
water,1
think,1
place,1
where,1
there,1
chair,1
paper,1
again,1
three,1
happy,1
book,1
ocean,1
tired,1
ocean,1
book,1
every,1
three,1
glass,1
right,1
quick,1
thing,1
brave,1
orange,1
sound,1
below,1
first,1
world,1
happy,1
river,1
smart,1
young,1
point,1
sad,1
three,1
great,1
every,1
table,1
winter,1
desert,1
below,1
sound,1
after,1
sound,1
light,1
other,1
funny,1
would,1
berry,1
summer,1
their,1
never,1
about,1
write,1
funny,1
berry,1
paper,1
place,1
right,1
again,1
after,1
forest,1
paper,1
think,1
every,1
their,1
learn,1
small,1
ocean,1
funny,1
mouse,1
there,1
world,1
spoon,1
tired,1
point,1
pen,1
spring,1
paper,1
smart,1
ocean,1
pen,1
below,1
where,1
write,1
plant,1
think,1
winter,1
never,1
could,1
young,1
smart,1
could,1
never,1
tired,1
right,1
learn,1
place,1
cloud,1
there,1
light,1
place,1
sound,1
mountain,1
summer,1
clean,1
phone,1
small,1
valley,1
water,1
think,1
learn,1
table,1
where,1
small,1
after,1
summer,1
first,1
mouse,1
spring,1
world,1
brave,1
below,1
winter,1
learn,1
write,1
paper,1
spring,1
water,1
thing,1
these,1
great,1
clean,1
their,1
there,1
could,1
could,1
below,1
great,1
grape,1
river,1
quick,1
which,1
which,1
paper,1
chair,1
glass,1
winter,1
table,1
could,1
would,1
smart,1
river,1
young,1
table,1
these,1
never,1
learn,1
these,1
stone,1
small,1
these,1
after,1
world,1
where,1
water,1
which,1
other,1
could,1
place,1
tired,1
every,1
other,1
ocean,1
smart,1
book,1
angry,1
place,1
could,1
funny,1
plant,1
every,1
angry,1
melon,1
tired,1
think,1
three,1
chair,1
study,1
angry,1
quick,1
banana,1
study,1
below,1
happy,1
ocean,1
smart,1
sad,1
mountain,1
every,1
house,1
valley,1
glass,1
young,1
winter,1
below,1
stone,1
berry,1
melon,1
young,1
about,1
chair,1
spoon,1
young,1
desert,1
great,1
sound,1
after,1
large,1
first,1
banana,1
valley,1
ocean,1
small,1
first,1
smart,1
right,1
grape,1
again,1
smart,1
summer,1
plant,1
about,1
never,1
orange,1
brave,1
paper,1
river,1
orange,1
mountain,1
grape,1
funny,1
winter,1
there,1
there,1
young,1
brave,1
cloud,1
right,1
study,1
brave,1
where,1
sad,1
cloud,1
brave,1
ocean,1
pen,1
could,1
quick,1
sound,1
light,1
great,1
place,1
could,1
study,1
write,1
think,1
stone,1
summer,1
paper,1
book,1
place,1
spoon,1
every,1
clean,1
plant,1
large,1
young,1
again,1
glass,1
where,1
light,1
berry,1
mouse,1
spring,1
winter,1
smart,1
smart,1
chair,1
their,1
world,1
every,1
pen,1
forest,1
again,1
point,1
forest,1
pen,1
desert,1
house,1
light,1
where,1
every,1
sad,1
first,1
stone,1
grape,1
sound,1
point,1
small,1
study,1
mountain,1
banana,1
right,1
river,1
phone,1
spring,1
study,1
berry,1
right,1
melon,1
large,1
cloud,1
thing,1
valley,1
where,1
apple,1
grape,1
again,1
below,1
orange,1
sad,1
melon,1
clean,1
there,1
light,1
about,1
every,1
great,1
point,1
sound,1
melon,1
point,1
quick,1
right,1
right,1
world,1
could,1
right,1
every,1
write,1
write,1
world,1
cloud,1
place,1
brave,1
young,1
below,1
orange,1
winter,1
quick,1
ocean,1
three,1
orange,1
there,1
thing,1
below,1
brave,1
funny,1
other,1
their,1
paper,1
quick,1
world,1
house,1
world,1
their,1
after,1
first,1
glass,1
write,1
small,1
smart,1
angry,1
every,1
house,1
large,1
smart,1
could,1
never,1
funny,1
below,1
clean,1
first,1
ocean,1
small,1
thing,1
which,1
young,1
quick,1
there,1
spring,1
pen,1
which,1
book,1
angry,1
phone,1
which,1
funny,1
plant,1
glass,1
thing,1
spring,1
summer,1
which,1
sad,1
think,1
table,1
spring,1
apple,1
light,1
these,1
other,1
spring,1
world,1
right,1
paper,1
grape,1
right,1
mouse,1
about,1
write,1
large,1
paper,1
melon,1
glass,1
after,1
brave,1
angry,1
stone,1
quick,1
plant,1
pen,1
three,1
banana,1
forest,1
young,1
angry,1
banana,1
which,1
which,1
every,1
ocean,1
point,1
learn,1
forest,1
table,1
forest,1
first,1
winter,1
every,1
forest,1
which,1
valley,1
where,1
tired,1
brave,1
small,1
think,1
again,1
valley,1
first,1
about,1
plant,1
light,1
study,1
happy,1
point,1
learn,1
glass,1
phone,1
funny,1
pen,1
grape,1
below,1
melon,1
mountain,1
place,1
apple,1
tired,1
pen,1
book,1
winter,1
great,1
phone,1
banana,1
spring,1
happy,1
great,1
spring,1
could,1
valley,1
first,1
berry,1
smart,1
below,1
ocean,1
there,1
large,1
desert,1
again,1
orange,1
could,1
think,1
these,1
which,1
small,1
place,1
tired,1
winter,1
happy,1
sad,1
spoon,1
there,1
cloud,1
spring,1
every,1
water,1
never,1
would,1
every,1
never,1
glass,1
happy,1
other,1
chair,1
river,1
place,1
after,1
could,1
melon,1
would,1
light,1
spoon,1
smart,1
valley,1
melon,1
winter,1
chair,1
after,1
about,1
spoon,1
world,1
their,1
stone,1
plant,1
angry,1
melon,1
these,1
study,1
cloud,1
never,1
river,1
write,1
house,1
summer,1
summer,1
smart,1
tired,1
mouse,1
glass,1
spring,1
book,1
sound,1
place,1
paper,1
young,1
great,1
desert,1
mouse,1
ocean,1
house,1
spoon,1
chair,1
study,1
glass,1
about,1
below,1
which,1
water,1
plant,1
valley,1
every,1
paper,1
phone,1
happy,1
other,1
chair,1
where,1
never,1
funny,1
below,1
cloud,1
where,1
brave,1
stone,1
about,1
brave,1
brave,1
there,1
table,1
brave,1
sad,1
where,1
quick,1
would,1
glass,1
light,1
which,1
apple,1
would,1
there,1
write,1
pen,1
forest,1
these,1
study,1
small,1
winter,1
great,1
grape,1
their,1
thing,1
three,1
where,1
angry,1
winter,1
learn,1
cloud,1
small,1
brave,1
berry,1
right,1
paper,1
phone,1
again,1
which,1
mountain,1
study,1
pen,1
three,1
think,1
smart,1
melon,1
about,1
happy,1
chair,1
phone,1
forest,1
where,1
which,1
banana,1
never,1
ocean,1
first,1
mouse,1
their,1
light,1
other,1
write,1
learn,1
clean,1
table,1
mouse,1
cloud,1
there,1
clean,1
three,1
summer,1
sad,1
clean,1
winter,1
could,1
place,1
world,1
apple,1
ocean,1
banana,1
thing,1
summer,1
first,1
berry,1
stone,1
book,1
sad,1
banana,1
clean,1
ocean,1
would,1
spring,1
these,1
small,1
valley,1
river,1
house,1
three,1
there,1
grape,1
apple,1
ocean,1
apple,1
again,1
mouse,1
clean,1
book,1
thing,1
there,1
point,1
smart,1
every,1
apple,1
banana,1
think,1
below,1
desert,1
first,1
world,1
ocean,1
three,1
ocean,1
three,1
angry,1
winter,1
summer,1
great,1
phone,1
could,1
summer,1
right,1
after,1
place,1
grape,1
again,1
banana,1
summer,1
mountain,1
grape,1
glass,1
sound,1
would,1
write,1
ocean,1
sound,1
after,1
summer,1
brave,1
pen,1
could,1
spoon,1
clean,1
desert,1
quick,1
water,1
place,1
large,1
point,1
again,1
great,1
below,1
plant,1
their,1
funny,1
learn,1
valley,1
about,1
smart,1
study,1
after,1
angry,1
orange,1
spoon,1
learn,1
mountain,1
house,1
about,1
their,1
ocean,1
point,1
about,1
learn,1
other,1
tired,1
about,1
spoon,1
would,1
grape,1
world,1
apple,1
light,1
tired,1
mouse,1
thing,1
table,1
mountain,1
tired,1
clean,1
orange,1
these,1
clean,1
book,1
glass,1
happy,1
summer,1
sad,1
forest,1
great,1
desert,1
book,1
large,1
table,1
river,1
table,1
banana,1
phone,1
great,1
pen,1
book,1
plant,1
thing,1
quick,1
learn,1
berry,1
young,1
other,1
clean,1
which,1
spoon,1
large,1
about,1
paper,1
angry,1
river,1
again,1
point,1
glass,1
spoon,1
where,1
light,1
chair,1
happy,1
glass,1
three,1
study,1
small,1
valley,1
grape,1
berry,1
angry,1
cloud,1
chair,1
spoon,1
quick,1
again,1
banana,1
tired,1
could,1
about,1
apple,1
melon,1
world,1
cloud,1
sad,1
berry,1
about,1
phone,1
there,1
write,1
stone,1
winter,1
pen,1
could,1
grape,1
cloud,1
could,1
happy,1
learn,1
forest,1
valley,1
banana,1
learn,1
sad,1
tired,1
three,1
first,1
pen,1
there,1
which,1
forest,1
forest,1
stone,1
orange,1
think,1
could,1
valley,1
about,1
world,1
river,1
banana,1
below,1
berry,1
quick,1
learn,1
other,1
phone,1
water,1
valley,1
berry,1
their,1
desert,1
small,1
large,1
light,1
great,1
there,1
paper,1
clean,1
angry,1
write,1
smart,1
table,1
apple,1
mountain,1
berry,1
mouse,1
melon,1
happy,1
funny,1
banana,1
where,1
every,1
write,1
where,1
small,1
clean,1
grape,1
right,1
think,1
below,1
right,1
quick,1
plant,1
river,1
these,1
funny,1
their,1
happy,1
there,1
learn,1
river,1
summer,1
river,1
there,1
valley,1
chair,1
summer,1
world,1
great,1
ocean,1
ocean,1
could,1
valley,1
mouse,1
these,1
chair,1
banana,1
their,1
their,1
book,1
after,1
there,1
below,1
three,1
small,1
quick,1
sound,1
book,1
below,1
book,1
banana,1
large,1
tired,1
every,1
chair,1
tired,1
study,1
other,1
table,1
learn,1
happy,1
forest,1
plant,1
could,1
clean,1
first,1
glass,1
young,1
study,1
grape,1
brave,1
river,1
valley,1
spring,1
there,1
melon,1
below,1
learn,1
again,1
forest,1
think,1
thing,1
where,1
small,1
which,1
quick,1
funny,1
spoon,1
cloud,1
winter,1
desert,1
other,1
house,1
mountain,1
about,1
every,1
chair,1
happy,1
could,1
tired,1
first,1
banana,1
orange,1
world,1
first,1
phone,1
table,1
phone,1
smart,1
there,1
place,1
orange,1
ocean,1
valley,1
winter,1
spring,1
water,1
cloud,1
where,1
clean,1
desert,1
light,1
thing,1
mouse,1
sound,1
there,1
river,1
phone,1
small,1
phone,1
study,1
again,1
stone,1
grape,1
banana,1
again,1
their,1
write,1
apple,1
grape,1
three,1
point,1
after,1
again,1
spoon,1
valley,1
forest,1
spring,1
place,1
world,1
winter,1
below,1
again,1
grape,1
winter,1
book,1
where,1
banana,1
banana,1
think,1
study,1
study,1
water,1
smart,1
point,1
write,1
right,1
orange,1
small,1
happy,1
tired,1
spring,1
stone,1
quick,1
book,1
glass,1
about,1
place,1
never,1
thing,1
stone,1
glass,1
study,1
every,1
water,1
great,1
pen,1
forest,1
light,1
valley,1
stone,1
there,1
could,1
think,1
mouse,1
world,1
funny,1
think,1
phone,1
three,1
these,1
house,1
place,1
water,1
house,1
right,1
river,1
book,1
after,1
which,1
below,1
sad,1
learn,1
sad,1
world,1
table,1
desert,1
tired,1
melon,1
spoon,1
after,1
spring,1
below,1
house,1
spoon,1
small,1
berry,1
spring,1
chair,1
would,1
spoon,1
berry,1
sad,1
phone,1
thing,1
right,1
happy,1
book,1
sad,1
funny,1
stone,1
happy,1
great,1
banana,1
river,1
right,1
again,1
three,1
where,1
large,1
sad,1
first,1
right,1
spoon,1
tired,1
book,1
young,1
book,1
sad,1
house,1
young,1
clean,1
young,1
summer,1
house,1
table,1
chair,1
brave,1
water,1
where,1
cloud,1
glass,1
grape,1
think,1
pen,1
spring,1
great,1
desert,1
angry,1
world,1
mouse,1
plant,1
forest,1
book,1
three,1
again,1
could,1
could,1
banana,1
angry,1
desert,1
phone,1
book,1
every,1
three,1
there,1
river,1
grape,1
house,1
river,1
angry,1
large,1
thing,1
glass,1
thing,1
phone,1
their,1
sad,1
grape,1
clean,1
house,1
spoon,1
summer,1
sad,1
first,1
stone,1
sad,1
after,1
would,1
about,1
mountain,1
ocean,1
write,1
stone,1
three,1
never,1
great,1
apple,1
these,1
winter,1
sad,1
again,1
clean,1
again,1
quick,1
banana,1
sound,1
glass,1
study,1
young,1
think,1
banana,1
brave,1
glass,1
these,1
glass,1
young,1
write,1
world,1
three,1
other,1
mouse,1
light,1
sad,1
stone,1
spoon,1
apple,1
chair,1
happy,1
orange,1
winter,1
about,1
mouse,1
thing,1
clean,1
clean,1
book,1
stone,1
learn,1
stone,1
think,1
river,1
study,1
plant,1
there,1
sound,1
which,1
again,1
melon,1
again,1
think,1
clean,1
funny,1
clean,1
paper,1
where,1
think,1
house,1
phone,1
sad,1
stone,1
house,1
mouse,1
angry,1
great,1
water,1
place,1
banana,1
which,1
table,1
paper,1
place,1
never,1
where,1
berry,1
melon,1
spring,1
valley,1
quick,1
could,1
spoon,1
quick,1
cloud,1
clean,1
chair,1
first,1
stone,1
pen,1
other,1
light,1
small,1
think,1
sound,1
point,1
winter,1
there,1
these,1
desert,1
pen,1
would,1
banana,1
cloud,1
point,1
again,1
mountain,1
world,1
their,1
young,1
valley,1
great,1
which,1
other,1
pen,1
first,1
there,1
banana,1
place,1
ocean,1
desert,1
could,1
where,1
orange,1
below,1
could,1
these,1
thing,1
apple,1
could,1
below,1
mouse,1
forest,1
clean,1
think,1
right,1
about,1
table,1
book,1
below,1
after,1
water,1
house,1
place,1
valley,1
book,1
mouse,1
melon,1
great,1
place,1
never,1
clean,1
sad,1
angry,1
place,1
there,1
mountain,1
point,1
world,1
chair,1
about,1
there,1
book,1
below,1
cloud,1
spoon,1
sound,1
ocean,1
spoon,1
again,1
every,1
quick,1
point,1
point,1
winter,1
valley,1
write,1
house,1
these,1
banana,1
never,1
phone,1
would,1
right,1
valley,1
young,1
where,1
right,1
berry,1
angry,1
sound,1
place,1
study,1
plant,1
could,1
world,1
valley,1
could,1
stone,1
right,1
glass,1
sound,1
three,1
first,1
first,1
angry,1
never,1
world,1
pen,1
about,1
brave,1
think,1
clean,1
desert,1
spoon,1
three,1
angry,1
mountain,1
sound,1
paper,1
there,1
river,1
thing,1
place,1
plant,1
desert,1
first,1
water,1
these,1
there,1
mouse,1
after,1
glass,1
berry,1
after,1
learn,1
quick,1
desert,1
every,1
mountain,1
learn,1
pen,1
table,1
funny,1
apple,1
about,1
large,1
smart,1
clean,1
three,1
river,1
brave,1
where,1
large,1
paper,1
first,1
orange,1
summer,1
grape,1
glass,1
never,1
smart,1
phone,1
house,1
pen,1
sad,1
orange,1
would,1
would,1
orange,1
think,1
winter,1
small,1
berry,1
house,1
summer,1
thing,1
smart,1
think,1
winter,1
right,1
would,1
summer,1
desert,1
their,1
three,1
paper,1
after,1
spring,1
again,1
young,1
three,1
light,1
never,1
again,1
study,1
three,1
below,1
book,1
pen,1
world,1
other,1
glass,1
young,1
sound,1
water,1
river,1
glass,1
sad,1
again,1
three,1
summer,1
plant,1
could,1
phone,1
could,1
first,1
brave,1
cloud,1
these,1
chair,1
quick,1
which,1
their,1
house,1
mouse,1
place,1
mouse,1
banana,1
other,1
phone,1
world,1
their,1
thing,1
grape,1
grape,1
berry,1
berry,1
stone,1
point,1
there,1
apple,1
desert,1
paper,1
cloud,1
mountain,1
never,1
pen,1
sound,1
glass,1
these,1
think,1
never,1
thing,1
angry,1
great,1
house,1
these,1
house,1
young,1
happy,1
apple,1
ocean,1
point,1
spoon,1
plant,1
thing,1
banana,1
small,1
mouse,1
glass,1
young,1
grape,1
never,1
banana,1
three,1
pen,1
small,1
large,1
sound,1
about,1
learn,1
young,1
small,1
forest,1
sound,1
funny,1
first,1
melon,1
berry,1
great,1
tired,1
pen,1
smart,1
pen,1
brave,1
study,1
grape,1
light,1
three,1
smart,1
large,1
cloud,1
sound,1
spoon,1
think,1
valley,1
grape,1
sad,1
orange,1
mountain,1
smart,1
banana,1
three,1
desert,1
funny,1
paper,1
spoon,1
book,1
world,1
paper,1
quick,1
glass,1
house,1
could,1
small,1
would,1
place,1
glass,1
three,1
glass,1
these,1
three,1
could,1
right,1
smart,1
these,1
would,1
melon,1
chair,1
chair,1
there,1
smart,1
other,1
ocean,1
melon,1
banana,1
sound,1
brave,1
smart,1
paper,1
spoon,1
place,1
paper,1
about,1
melon,1
table,1
could,1
orange,1
these,1
brave,1
grape,1
clean,1
smart,1
table,1
other,1
learn,1
house,1
right,1
three,1
mountain,1
place,1
brave,1
glass,1
orange,1
place,1
study,1
forest,1
ocean,1
there,1
chair,1
three,1
light,1
house,1
berry,1
sad,1
desert,1
berry,1
small,1
again,1
happy,1
funny,1
tired,1
quick,1
angry,1
house,1
banana,1
these,1
table,1
study,1
apple,1
ocean,1
sad,1
plant,1
winter,1
first,1
banana,1
point,1
thing,1
large,1
happy,1
pen,1
orange,1
orange,1
stone,1
grape,1
world,1
point,1
tired,1
stone,1
tired,1
place,1
where,1
forest,1
their,1
study,1
angry,1
every,1
write,1
angry,1
thing,1
there,1
phone,1
every,1
clean,1
which,1
brave,1
glass,1
cloud,1
spoon,1
never,1
apple,1
paper,1
winter,1
summer,1
right,1
river,1
think,1
clean,1
point,1
world,1
chair,1
there,1
spoon,1
other,1
funny,1
valley,1
river,1
study,1
world,1
smart,1
grape,1
where,1
never,1
large,1
clean,1
desert,1
river,1
study,1
berry,1
brave,1
after,1
valley,1
would,1
grape,1
tired,1
world,1
apple,1
large,1
these,1
apple,1
book,1
great,1
their,1
these,1
ocean,1
other,1
below,1
funny,1
other,1
book,1
first,1
right,1
angry,1
forest,1
apple,1
mountain,1
house,1
great,1
valley,1
sad,1
every,1
glass,1
after,1
pen,1
chair,1
study,1
these,1
study,1
funny,1
valley,1
book,1
there,1
quick,1
winter,1
clean,1
point,1
small,1
think,1
table,1
melon,1
table,1
great,1
mountain,1
small,1
grape,1
book,1
learn,1
could,1
three,1
house,1
mountain,1
spring,1
table,1
thing,1
summer,1
angry,1
clean,1
river,1
clean,1
point,1
phone,1
sound,1
river,1
place,1
valley,1
stone,1
clean,1
sound,1
after,1
about,1
where,1
there,1
again,1
their,1
ocean,1
summer,1
point,1
world,1
smart,1
water,1
think,1
chair,1
tired,1
pen,1
mountain,1
orange,1
water,1
great,1
banana,1
phone,1
desert,1
mouse,1
clean,1
glass,1
funny,1
paper,1
table,1
there,1
pen,1
would,1
write,1
tired,1
banana,1
would,1
water,1
smart,1
paper,1
banana,1
book,1
again,1
melon,1
study,1
after,1
these,1
house,1
happy,1
clean,1
quick,1
their,1
large,1
water,1
tired,1
three,1
light,1
these,1
funny,1
every,1
banana,1
summer,1
river,1
write,1
young,1
river,1
these,1
house,1
sad,1
water,1
berry,1
these,1
table,1
quick,1
happy,1
smart,1
small,1
think,1
sad,1
place,1
after,1
great,1
valley,1
young,1
world,1
spoon,1
point,1
orange,1
learn,1
valley,1
small,1
glass,1
first,1
light,1
these,1
melon,1
clean,1
first,1
water,1
water,1
tired,1
desert,1
sound,1
banana,1
brave,1
spring,1
paper,1
point,1
about,1
valley,1
never,1
water,1
ocean,1
summer,1
quick,1
berry,1
grape,1
would,1
study,1
winter,1
river,1
right,1
large,1
paper,1
place,1
desert,1
winter,1
ocean,1
three,1
valley,1
phone,1
tired,1
never,1
ocean,1
river,1
quick,1
berry,1
great,1
spoon,1
summer,1
water,1
table,1
happy,1
again,1
these,1
valley,1
sad,1
point,1
think,1
right,1
valley,1
winter,1
where,1
berry,1
where,1
spoon,1
about,1
there,1
after,1
quick,1
their,1
place,1
cloud,1
three,1
funny,1
chair,1
table,1
brave,1
glass,1
quick,1
world,1
plant,1
plant,1
again,1
desert,1
these,1
phone,1
other,1
mountain,1
light,1
clean,1
three,1
about,1
table,1
large,1
tired,1
angry,1
small,1
water,1
about,1
cloud,1
other,1
these,1
these,1
light,1
summer,1
spoon,1
never,1
river,1
about,1
phone,1
river,1
sound,1
valley,1
sound,1
sad,1
learn,1
place,1
these,1
happy,1
berry,1
brave,1
sound,1
again,1
below,1
below,1
banana,1
world,1
these,1
banana,1
write,1
funny,1
sad,1
think,1
table,1
about,1
would,1
write,1
berry,1
first,1
grape,1
three,1
water,1
where,1
mouse,1
winter,1
plant,1
water,1
great,1
banana,1
banana,1
spring,1
sound,1
summer,1
where,1
paper,1
plant,1
chair,1
chair,1
ocean,1
phone,1
spring,1
first,1
quick,1
ocean,1
right,1
cloud,1
which,1
spoon,1
water,1
which,1
summer,1
thing,1
water,1
book,1
there,1
paper,1
melon,1
mountain,1
their,1
thing,1
every,1
below,1
desert,1
great,1
phone,1
funny,1
banana,1
plant,1
river,1
ocean,1
pen,1
river,1
young,1
quick,1
winter,1
paper,1
river,1
forest,1
plant,1
grape,1
spoon,1
learn,1
place,1
young,1
every,1
chair,1
which,1
study,1
every,1
never,1
ocean,1
learn,1
sad,1
orange,1
which,1
ocean,1
desert,1
after,1
river,1
apple,1
small,1
thing,1
phone,1
again,1
banana,1
winter,1
never,1
sound,1
book,1
paper,1
three,1
spoon,1
where,1
stone,1
glass,1
cloud,1
cloud,1
small,1
glass,1
mountain,1
berry,1
learn,1
these,1
quick,1
spoon,1
table,1
mouse,1
after,1
apple,1
quick,1
table,1
would,1
there,1
large,1
ocean,1
summer,1
happy,1
could,1
funny,1
their,1
valley,1
place,1
glass,1
first,1
funny,1
point,1
happy,1
there,1
orange,1
grape,1
light,1
house,1
pen,1
mountain,1
house,1
happy,1
three,1
below,1
small,1
other,1
forest,1
desert,1
learn,1
large,1
stone,1
ocean,1
book,1
large,1
never,1
summer,1
happy,1
sad,1
young,1
smart,1
phone,1
place,1
tired,1
sad,1
young,1
smart,1
phone,1
happy,1
desert,1
again,1
clean,1
plant,1
every,1
apple,1
never,1
sound,1
again,1
below,1
valley,1
funny,1
glass,1
large,1
mountain,1
paper,1
water,1
phone,1
again,1
brave,1
light,1
melon,1
summer,1
house,1
orange,1
ocean,1
house,1
below,1
angry,1
chair,1
point,1
where,1
funny,1
three,1
desert,1
place,1
sound,1
pen,1
cloud,1
great,1
mountain,1
would,1
light,1
great,1
orange,1
orange,1
banana,1
grape,1
phone,1
their,1
chair,1
orange,1
there,1
after,1
berry,1
great,1
never,1
phone,1
sound,1
summer,1
smart,1
glass,1
phone,1
point,1
berry,1
after,1
could,1
point,1
three,1
there,1
desert,1
desert,1
spring,1
smart,1
light,1
below,1
happy,1
happy,1
smart,1
their,1
write,1
river,1
angry,1
large,1
water,1
apple,1
clean,1
write,1
river,1
paper,1
there,1
light,1
grape,1
desert,1
thing,1
desert,1
brave,1
stone,1
quick,1
berry,1
learn,1
pen,1
write,1
young,1
would,1
first,1
every,1
young,1
stone,1
never,1
funny,1
think,1
phone,1
small,1
these,1
happy,1
thing,1
these,1
summer,1
forest,1
after,1
ocean,1
grape,1
these,1
point,1
melon,1
where,1
cloud,1
about,1
grape,1
apple,1
cloud,1
quick,1
valley,1
small,1
angry,1
table,1
happy,1
apple,1
quick,1
ocean,1
right,1
every,1
pen,1
melon,1
house,1
below,1
three,1
write,1
light,1
plant,1
young,1
sad,1
angry,1
there,1
thing,1
think,1
grape,1
river,1
great,1
grape,1
paper,1
great,1
winter,1
phone,1
summer,1
world,1
clean,1
mouse,1
large,1
spoon,1
large,1
sad,1
book,1
could,1
place,1
write,1
brave,1
spoon,1
cloud,1
grape,1
happy,1
mountain,1
three,1
these,1
after,1
summer,1
berry,1
sad,1
great,1
smart,1
book,1
cloud,1
cloud,1
below,1
study,1
paper,1
great,1
stone,1
would,1
pen,1
first,1
these,1
funny,1
angry,1
summer,1
world,1
book,1
after,1
chair,1
melon,1
other,1
right,1
first,1
angry,1
desert,1
chair,1
funny,1
which,1
these,1
think,1
where,1
young,1
book,1
after,1
book,1
which,1
spoon,1
quick,1
winter,1
orange,1
paper,1
place,1
water,1
summer,1
right,1
glass,1
cloud,1
clean,1
happy,1
where,1
apple,1
could,1
pen,1
write,1
after,1
desert,1
stone,1
mountain,1
winter,1
which,1
chair,1
below,1
mountain,1
could,1
melon,1
after,1
tired,1
desert,1
phone,1
place,1
think,1
desert,1
small,1
mountain,1
great,1
banana,1
valley,1
plant,1
phone,1
smart,1
house,1
cloud,1
there,1
write,1
study,1
berry,1
brave,1
phone,1
there,1
sound,1
after,1
pen,1
about,1
grape,1
orange,1
study,1
sound,1
mouse,1
could,1
never,1
sound,1
which,1
below,1
plant,1
learn,1
chair,1
after,1
cloud,1
mountain,1
melon,1
place,1
smart,1
desert,1
sad,1
angry,1
smart,1
winter,1
small,1
every,1
never,1
every,1
learn,1
first,1
forest,1
great,1
mountain,1
light,1
about,1
happy,1
after,1
below,1
sad,1
would,1
where,1
again,1
after,1
summer,1
large,1
valley,1
plant,1
learn,1
learn,1
other,1
house,1
every,1
again,1
melon,1
pen,1
funny,1
would,1
great,1
mouse,1
right,1
below,1
these,1
thing,1
spoon,1
first,1
banana,1
their,1
never,1
thing,1
grape,1
table,1
water,1
there,1
angry,1
where,1
could,1
book,1
river,1
clean,1
forest,1
water,1
valley,1
brave,1
clean,1
never,1
cloud,1
below,1
desert,1
every,1
banana,1
ocean,1
melon,1
apple,1
berry,1
ocean,1
cloud,1
right,1
valley,1
table,1
these,1
never,1
right,1
light,1
right,1
stone,1
smart,1
young,1
would,1
sound,1
plant,1
great,1
glass,1
which,1
never,1
after,1
apple,1
sound,1
grape,1
after,1
learn,1
forest,1
plant,1
desert,1
light,1
plant,1
tired,1
apple,1
apple,1
tired,1
point,1
which,1
ocean,1
mountain,1
think,1
three,1
chair,1
angry,1
grape,1
about,1
which,1
study,1
would,1
summer,1
where,1
think,1
valley,1
study,1
every,1
think,1
these,1
study,1
large,1
about,1
could,1
never,1
great,1
house,1
light,1
small,1
other,1
after,1
paper,1
orange,1
small,1
table,1
smart,1
cloud,1
these,1
water,1
below,1
plant,1
study,1
write,1
banana,1
winter,1
three,1
point,1
small,1
house,1
right,1
pen,1
chair,1
mountain,1
clean,1
summer,1
apple,1
where,1
angry,1
every,1
clean,1
banana,1
about,1
could,1
pen,1
could,1
other,1
spoon,1
berry,1
think,1
cloud,1
apple,1
point,1
sound,1
phone,1
small,1
world,1
point,1
ocean,1
water,1
their,1
desert,1
where,1
mouse,1
which,1
spoon,1
spring,1
young,1
think,1
could,1
first,1
paper,1
plant,1
angry,1
grape,1
orange,1
three,1
quick,1
study,1
book,1
these,1
happy,1
ocean,1
their,1
large,1
world,1
there,1
stone,1
summer,1
sad,1
there,1
tired,1
smart,1
first,1
about,1
glass,1
world,1
never,1
would,1
mountain,1
brave,1
three,1
paper,1
summer,1
sad,1
great,1
write,1
clean,1
below,1
which,1
book,1
water,1
write,1
table,1
angry,1
thing,1
small,1
paper,1
never,1
three,1
study,1
again,1
orange,1
stone,1
first,1
learn,1
where,1
pen,1
apple,1
water,1
tired,1
point,1
glass,1
light,1
clean,1
happy,1
their,1
learn,1
happy,1
orange,1
cloud,1
small,1
berry,1
never,1
melon,1
first,1
their,1
apple,1
plant,1
grape,1
three,1
after,1
thing,1
sound,1
large,1
learn,1
about,1
never,1
water,1
mountain,1
after,1
which,1
paper,1
point,1
desert,1
right,1
study,1
think,1
desert,1
pen,1
after,1
would,1
spoon,1
tired,1
about,1
smart,1
below,1
mouse,1
their,1
clean,1
where,1
ocean,1
phone,1
light,1
spoon,1
these,1
house,1
valley,1
pen,1
would,1
apple,1
thing,1
about,1
which,1
which,1
three,1
apple,1
smart,1
small,1
apple,1
glass,1
chair,1
summer,1
which,1
sound,1
mouse,1
never,1
house,1
think,1
small,1
melon,1
quick,1
point,1
melon,1
small,1
thing,1
phone,1
below,1
grape,1
grape,1
angry,1
light,1
other,1
below,1
phone,1
large,1
there,1
desert,1
house,1
could,1
thing,1
right,1
angry,1
paper,1
forest,1
pen,1
where,1
there,1
right,1
place,1
study,1
glass,1
cloud,1
study,1
these,1
valley,1
book,1
plant,1
glass,1
mountain,1
forest,1
there,1
tired,1
these,1
house,1
could,1
plant,1
orange,1
which,1
every,1
happy,1
cloud,1
great,1
great,1
paper,1
apple,1
every,1
tired,1
house,1
light,1
thing,1
point,1
melon,1
these,1
river,1
every,1
which,1
their,1
mouse,1
thing,1
where,1
ocean,1
thing,1
house,1
below,1
angry,1
river,1
large,1
valley,1
young,1
light,1
happy,1
right,1
these,1
valley,1
would,1
mouse,1
winter,1
below,1
there,1
where,1
forest,1
table,1
valley,1
grape,1
study,1
plant,1
cloud,1
grape,1
banana,1
spoon,1
melon,1
never,1
mouse,1
stone,1
sound,1
which,1
brave,1
cloud,1
summer,1
desert,1
sound,1
large,1
write,1
water,1
paper,1
where,1
their,1
right,1
spoon,1
summer,1
desert,1
grape,1
again,1
valley,1
these,1
never,1
after,1
banana,1
could,1
about,1
write,1
place,1
funny,1
small,1
cloud,1
think,1
paper,1
brave,1
orange,1
would,1
valley,1
light,1
grape,1
point,1
smart,1
first,1
winter,1
three,1
cloud,1
sound,1
spring,1
mouse,1
after,1
smart,1
would,1
orange,1
spring,1
glass,1
phone,1
phone,1
paper,1
angry,1
other,1
world,1
chair,1
these,1
sound,1
river,1
melon,1
every,1
tired,1
spoon,1
funny,1
think,1
tired,1
tired,1
mouse,1
again,1
house,1
spoon,1
three,1
young,1
funny,1
sad,1
would,1
orange,1
happy,1
first,1
cloud,1
below,1
forest,1
spoon,1
cloud,1
after,1
think,1
where,1
valley,1
berry,1
forest,1
after,1
first,1
right,1
table,1
winter,1
phone,1
would,1
paper,1
point,1
stone,1
brave,1
winter,1
never,1
table,1
chair,1
think,1
study,1
about,1
learn,1
about,1
light,1
valley,1
write,1
young,1
tired,1
cloud,1
right,1
spoon,1
there,1
plant,1
every,1
light,1
paper,1
could,1
great,1
never,1
desert,1
their,1
their,1
right,1
ocean,1
winter,1
every,1
young,1
chair,1
other,1
summer,1
which,1
thing,1
three,1
desert,1
point,1
paper,1
about,1
learn,1
sound,1
pen,1
other,1
sad,1
mouse,1
book,1
forest,1
place,1
apple,1
study,1
chair,1
study,1
learn,1
great,1
light,1
melon,1
apple,1
apple,1
orange,1
place,1
winter,1
paper,1
tired,1
orange,1
spring,1
never,1
below,1
paper,1
melon,1
spring,1
tired,1
write,1
summer,1
chair,1
spring,1
smart,1
clean,1
about,1
every,1
spring,1
forest,1
quick,1
learn,1
sound,1
winter,1
after,1
melon,1
world,1
learn,1
angry,1
winter,1
learn,1
chair,1
world,1
grape,1
would,1
plant,1
glass,1
other,1
world,1
clean,1
below,1
where,1
mountain,1
apple,1
ocean,1
cloud,1
winter,1
study,1
where,1
plant,1
house,1
great,1
right,1
every,1
banana,1
cloud,1
think,1
water,1
apple,1
stone,1
tired,1
spoon,1
light,1
three,1
world,1
would,1
right,1
clean,1
summer,1
think,1
tired,1
happy,1
sad,1
right,1
happy,1
brave,1
tired,1
forest,1
study,1
desert,1
forest,1
stone,1
mouse,1
which,1
where,1
study,1
again,1
apple,1
every,1
smart,1
chair,1
small,1
small,1
thing,1
great,1
would,1
point,1
below,1
valley,1
which,1
grape,1
great,1
think,1
again,1
house,1
summer,1
after,1
cloud,1
never,1
funny,1
mouse,1
right,1
ocean,1
world,1
could,1
plant,1
desert,1
berry,1
sad,1
could,1
clean,1
ocean,1
would,1
young,1
river,1
these,1
small,1
where,1
below,1
sad,1
table,1
point,1
clean,1
their,1
winter,1
world,1
spoon,1
where,1
winter,1
think,1
clean,1
valley,1
phone,1
again,1
thing,1
think,1
paper,1
after,1
berry,1
mouse,1
winter,1
would,1
tired,1
their,1
phone,1
clean,1
below,1
could,1
place,1
forest,1
banana,1
berry,1
happy,1
book,1
other,1
their,1
write,1
about,1
other,1
berry,1
point,1
large,1
smart,1
clean,1
large,1
orange,1
apple,1
spoon,1
never,1
sad,1
water,1
after,1
tired,1
glass,1
orange,1
sad,1
brave,1
winter,1
river,1
right,1
light,1
angry,1
write,1
smart,1
after,1
world,1
about,1
phone,1
spring,1
mouse,1
mouse,1
their,1
book,1
chair,1
clean,1
large,1
melon,1
book,1
banana,1
first,1
young,1
thing,1
table,1
grape,1
spring,1
study,1
learn,1
there,1
brave,1
point,1
other,1
melon,1
never,1
thing,1
about,1
melon,1
mouse,1
river,1
right,1
light,1
about,1
sad,1
first,1
table,1
funny,1
study,1
thing,1
berry,1
glass,1
sad,1
pen,1
apple,1
which,1
again,1
where,1
three,1
book,1
first,1
there,1
right,1
young,1
forest,1
learn,1
thing,1
spoon,1
clean,1
think,1
after,1
where,1
angry,1
stone,1
forest,1
study,1
there,1
house,1
light,1
point,1
sound,1
valley,1
these,1
study,1
angry,1
melon,1
after,1
three,1
first,1
would,1
thing,1
write,1
place,1
house,1
mountain,1
would,1
their,1
young,1
point,1
melon,1
where,1
would,1
write,1
banana,1
spoon,1
light,1
book,1
quick,1
smart,1
three,1
melon,1
sad,1
first,1
young,1
right,1
write,1
spoon,1
spoon,1
brave,1
where,1
study,1
table,1
spoon,1
their,1
stone,1
sad,1
table,1
phone,1
book,1
never,1
paper,1
place,1
brave,1
where,1
point,1
great,1
phone,1
ocean,1
would,1
ocean,1
light,1
paper,1
first,1
berry,1
never,1
smart,1
river,1
table,1
funny,1
table,1
water,1
world,1
about,1
mountain,1
sad,1
mountain,1
melon,1
spoon,1
light,1
desert,1
table,1
valley,1
great,1
cloud,1
these,1
house,1
point,1
forest,1
other,1
forest,1
place,1
right,1
great,1
ocean,1
thing,1
sad,1
summer,1
winter,1
again,1
pen,1
grape,1
mouse,1
their,1
think,1
these,1
desert,1
quick,1
smart,1
these,1
desert,1
place,1
happy,1
angry,1
which,1
learn,1
ocean,1
learn,1
spring,1
water,1
summer,1
pen,1
sound,1
which,1
river,1
young,1
valley,1
river,1
pen,1
which,1
three,1
angry,1
book,1
table,1
forest,1
which,1
never,1
house,1
every,1
summer,1
below,1
which,1
spoon,1
right,1
write,1
small,1
winter,1
mountain,1
grape,1
forest,1
berry,1
brave,1
three,1
berry,1
winter,1
quick,1
cloud,1
first,1
sad,1
place,1
grape,1
cloud,1
cloud,1
below,1
again,1
smart,1
thing,1
ocean,1
great,1
smart,1
large,1
plant,1
point,1
which,1
ocean,1
other,1
study,1
tired,1
pen,1
orange,1
again,1
never,1
learn,1
learn,1
right,1
apple,1
study,1
phone,1
valley,1
young,1
clean,1
banana,1
clean,1
brave,1
funny,1
pen,1
could,1
again,1
never,1
pen,1
spoon,1
ocean,1
again,1
their,1
book,1
where,1
large,1
cloud,1
forest,1
spring,1
spring,1
table,1
after,1
melon,1
table,1
grape,1
sound,1
stone,1
their,1
write,1
thing,1
ocean,1
there,1
river,1
melon,1
world,1
river,1
which,1
study,1
house,1
melon,1
winter,1
berry,1
tired,1
winter,1
grape,1
apple,1
spring,1
sad,1
would,1
summer,1
brave,1
world,1
young,1
brave,1
angry,1
berry,1
pen,1
spoon,1
tired,1
their,1
angry,1
place,1
place,1
would,1
about,1
glass,1
sad,1
smart,1
after,1
never,1
think,1
glass,1
learn,1
desert,1
every,1
small,1
tired,1
table,1
there,1
melon,1
water,1
their,1
light,1
thing,1
would,1
pen,1
sound,1
could,1
place,1
plant,1
would,1
great,1
river,1
learn,1
grape,1
every,1
spring,1
write,1
young,1
spring,1
thing,1
house,1
again,1
plant,1
berry,1
which,1
light,1
banana,1
mountain,1
mouse,1
glass,1
large,1
mouse,1
angry,1
brave,1
stone,1
study,1
clean,1
where,1
happy,1
these,1
never,1
orange,1
paper,1
three,1
valley,1
thing,1
light,1
berry,1
table,1
learn,1
below,1
right,1
table,1
great,1
funny,1
clean,1
winter,1
pen,1
ocean,1
light,1
great,1
happy,1
chair,1
summer,1
happy,1
learn,1
think,1
valley,1
their,1
berry,1
every,1
thing,1
cloud,1
funny,1
there,1
cloud,1
about,1
winter,1
right,1
plant,1
water,1
desert,1
where,1
stone,1
thing,1
phone,1
stone,1
paper,1
quick,1
happy,1
funny,1
summer,1
mouse,1
large,1
chair,1
cloud,1
world,1
house,1
every,1
first,1
grape,1
about,1
winter,1
which,1
happy,1
banana,1
cloud,1
pen,1
write,1
small,1
after,1
angry,1
orange,1
berry,1
winter,1
phone,1
would,1
where,1
after,1
orange,1
think,1
valley,1
sad,1
below,1
world,1
clean,1
paper,1
spoon,1
ocean,1
young,1
write,1
quick,1
where,1
other,1
these,1
study,1
spring,1
river,1
world,1
mouse,1
great,1
young,1
mountain,1
great,1
cloud,1
brave,1
never,1
valley,1
there,1
clean,1
water,1
brave,1
mouse,1
these,1
first,1
table,1
below,1
clean,1
mouse,1
sad,1
forest,1
happy,1
summer,1
orange,1
smart,1
three,1
again,1
mountain,1
below,1
funny,1
paper,1
great,1
never,1
learn,1
young,1
every,1
stone,1
these,1
apple,1
right,1
large,1
desert,1
place,1
ocean,1
happy,1
book,1
thing,1
smart,1
tired,1
grape,1
smart,1
desert,1
pen,1
these,1
desert,1
would,1
spring,1
mountain,1
desert,1
mouse,1
book,1
small,1
learn,1
pen,1
sound,1
first,1
there,1
write,1
stone,1
their,1
house,1
summer,1
right,1
winter,1
there,1
other,1
berry,1
berry,1
sound,1
small,1
spring,1
great,1
place,1
right,1
water,1
phone,1
phone,1
angry,1
their,1
plant,1
house,1
valley,1
table,1
these,1
stone,1
chair,1
would,1
large,1
their,1
right,1
quick,1
spoon,1
river,1
chair,1
plant,1
grape,1
again,1
right,1
about,1
smart,1
right,1
valley,1
where,1
summer,1
clean,1
glass,1
summer,1
young,1
learn,1
below,1
mouse,1
house,1
river,1
again,1
three,1
sad,1
smart,1
apple,1
stone,1
sound,1
learn,1
there,1
think,1
below,1
three,1
funny,1
ocean,1
book,1
ocean,1
water,1
would,1
chair,1
first,1
sound,1
desert,1
apple,1
there,1
after,1
below,1
other,1
clean,1
these,1
sound,1
table,1
river,1
great,1
study,1
point,1
valley,1
about,1
there,1
right,1
mountain,1
spoon,1
quick,1
stone,1
brave,1
tired,1
great,1
melon,1
pen,1
right,1
about,1
plant,1
their,1
quick,1
three,1
light,1
river,1
learn,1
large,1
table,1
melon,1
chair,1
ocean,1
berry,1
other,1
sound,1
about,1
write,1
spring,1
funny,1
happy,1
which,1
spoon,1
brave,1
which,1
cloud,1
mountain,1
light,1
winter,1
spring,1
every,1
paper,1
study,1
think,1
summer,1
first,1
great,1
funny,1
water,1
happy,1
large,1
tired,1
thing,1
funny,1
point,1
three,1
happy,1
phone,1
again,1
write,1
smart,1
point,1
thing,1
after,1
young,1
every,1
river,1
phone,1
ocean,1
small,1
angry,1
would,1
winter,1
these,1
young,1
thing,1
think,1
apple,1
forest,1
after,1
mountain,1
quick,1
spoon,1
pen,1
banana,1
small,1
first,1
berry,1
apple,1
think,1
right,1
table,1
world,1
right,1
apple,1
funny,1
glass,1
large,1
spring,1
study,1
first,1
quick,1
after,1
place,1
learn,1
right,1
chair,1
melon,1
light,1
ocean,1
sad,1
quick,1
orange,1
quick,1
phone,1
stone,1
chair,1
where,1
large,1
large,1
glass,1
which,1
small,1
cloud,1
after,1
berry,1
mouse,1
table,1
chair,1
which,1
house,1
cloud,1
mountain,1
could,1
quick,1
phone,1
there,1
orange,1
right,1
angry,1
winter,1
house,1
young,1
glass,1
phone,1
place,1
clean,1
river,1
light,1
book,1
spring,1
valley,1
river,1
could,1
world,1
would,1
think,1
world,1
first,1
after,1
right,1
book,1
quick,1
light,1
desert,1
melon,1
chair,1
think,1
brave,1
world,1
clean,1
mountain,1
place,1
first,1
glass,1
table,1
chair,1
sound,1
small,1
happy,1
banana,1
orange,1
spoon,1
water,1
spoon,1
study,1
which,1
never,1
glass,1
learn,1
again,1
which,1
spoon,1
water,1
could,1
study,1
right,1
winter,1
quick,1
other,1
stone,1
smart,1
clean,1
below,1
clean,1
grape,1
spring,1
river,1
funny,1
table,1
apple,1
river,1
young,1
after,1
apple,1
chair,1
think,1
clean,1
about,1
quick,1
think,1
banana,1
funny,1
cloud,1
grape,1
orange,1
quick,1
point,1
winter,1
about,1
sad,1
smart,1
cloud,1
light,1
smart,1
angry,1
world,1
their,1
clean,1
house,1
happy,1
plant,1
young,1
phone,1
table,1
would,1
young,1
valley,1
think,1
grape,1
great,1
river,1
small,1
think,1
think,1
learn,1
orange,1
chair,1
valley,1
plant,1
great,1
learn,1
book,1
winter,1
valley,1
there,1
point,1
three,1
there,1
book,1
first,1
smart,1
three,1
winter,1
could,1
plant,1
right,1
smart,1
where,1
banana,1
brave,1
these,1
below,1
which,1
grape,1
sad,1
forest,1
berry,1
clean,1
thing,1
tired,1
thing,1
small,1
there,1
pen,1
large,1
desert,1
could,1
about,1
phone,1
which,1
river,1
small,1
spring,1
smart,1
apple,1
paper,1
their,1
could,1
house,1
world,1
ocean,1
water,1
book,1
these,1
orange,1
every,1
cloud,1
their,1
winter,1
book,1
mountain,1
apple,1
again,1
house,1
think,1
desert,1
world,1
melon,1
ocean,1
stone,1
never,1
desert,1
which,1
tired,1
young,1
melon,1
three,1
angry,1
spring,1
their,1
apple,1
quick,1
again,1
place,1
first,1
forest,1
stone,1
sad,1
sound,1
point,1
think,1
valley,1
funny,1
pen,1
orange,1
orange,1
spoon,1
paper,1
never,1
pen,1
there,1
where,1
summer,1
winter,1
never,1
funny,1
paper,1
valley,1
mountain,1
after,1
below,1
light,1
cloud,1
book,1
berry,1
forest,1
summer,1
tired,1
orange,1
every,1
point,1
sound,1
funny,1
summer,1
other,1
other,1
mouse,1
grape,1
plant,1
funny,1
great,1
right,1
learn,1
plant,1
desert,1
forest,1
sad,1
point,1
every,1
study,1
world,1
stone,1
learn,1
mouse,1
mouse,1
mountain,1
melon,1
their,1
chair,1
glass,1
chair,1
large,1
large,1
paper,1
mountain,1
think,1
every,1
sound,1
would,1
banana,1
world,1
right,1
plant,1
apple,1
clean,1
river,1
chair,1
quick,1
these,1
house,1
every,1
summer,1
point,1
could,1
three,1
tired,1
forest,1
clean,1
their,1
river,1
chair,1
apple,1
world,1
spring,1
world,1
stone,1
could,1
study,1
place,1
desert,1
stone,1
which,1
quick,1
desert,1
berry,1
other,1
phone,1
there,1
write,1
three,1
below,1
berry,1
cloud,1
place,1
write,1
brave,1
would,1
forest,1
light,1
spring,1
every,1
mouse,1
study,1
never,1
chair,1
river,1
young,1
sound,1
mouse,1
river,1
plant,1
after,1
phone,1
water,1
could,1
other,1
paper,1
cloud,1
about,1
funny,1
smart,1
happy,1
desert,1
place,1
study,1
first,1
again,1
after,1
water,1
light,1
their,1
tired,1
every,1
mountain,1
large,1
angry,1
every,1
desert,1
banana,1
smart,1
place,1
never,1
could,1
pen,1
small,1
would,1
stone,1
desert,1
first,1
ocean,1
three,1
small,1
melon,1
about,1
sound,1
study,1
table,1
valley,1
summer,1
paper,1
grape,1
winter,1
valley,1
these,1
summer,1
grape,1
never,1
world,1
thing,1
river,1
brave,1
think,1
these,1
study,1
river,1
book,1
mountain,1
stone,1
mountain,1
other,1
book,1
point,1
desert,1
first,1
glass,1
young,1
grape,1
write,1
point,1
stone,1
study,1
small,1
angry,1
sound,1
mouse,1
quick,1
their,1
mouse,1
grape,1
sad,1
chair,1
large,1
valley,1
glass,1
orange,1
cloud,1
apple,1
melon,1
paper,1
study,1
water,1
grape,1
three,1
write,1
after,1
book,1
mouse,1
mountain,1
sound,1
smart,1
clean,1
every,1
mountain,1
water,1
small,1
table,1
apple,1
table,1
orange,1
could,1
learn,1
about,1
point,1
glass,1
water,1
first,1
every,1
sad,1
think,1
first,1
orange,1
write,1
mountain,1
thing,1
phone,1
write,1
about,1
forest,1
quick,1
pen,1
stone,1
berry,1
tired,1
write,1
angry,1
there,1
sad,1
would,1
pen,1
water,1
plant,1
clean,1
water,1
study,1
spoon,1
house,1
their,1
angry,1
tired,1
orange,1
tired,1
about,1
forest,1
there,1
point,1
point,1
sound,1
table,1
there,1
mountain,1
could,1
chair,1
apple,1
cloud,1
house,1
again,1
angry,1
world,1
chair,1
berry,1
mouse,1
book,1
winter,1
world,1
point,1
about,1
phone,1
stone,1
where,1
about,1
berry,1
young,1
phone,1
brave,1
chair,1
brave,1
light,1
learn,1
house,1
which,1
apple,1
banana,1
ocean,1
write,1
funny,1
funny,1
these,1
forest,1
banana,1
apple,1
thing,1
spoon,1
small,1
desert,1
banana,1
could,1
study,1
banana,1
plant,1
water,1
table,1
spring,1
book,1
mouse,1
summer,1
paper,1
where,1
learn,1
tired,1
brave,1
melon,1
these,1
phone,1
light,1
learn,1
house,1
study,1
clean,1
river,1
brave,1
point,1
three,1
apple,1
which,1
berry,1
quick,1
below,1
valley,1
melon,1
light,1
write,1
spoon,1
world,1
summer,1
which,1
water,1
after,1
first,1
small,1
their,1
spring,1
water,1
cloud,1
ocean,1
pen,1
grape,1
river,1
sad,1
forest,1
cloud,1
sad,1
these,1
great,1
water,1
banana,1
thing,1
about,1
glass,1
three,1
banana,1
mountain,1
could,1
large,1
phone,1
below,1
angry,1
paper,1
stone,1
forest,1
spring,1
great,1
brave,1
there,1
study,1
again,1
berry,1
light,1
pen,1
apple,1
would,1
about,1
funny,1
water,1
cloud,1
happy,1
orange,1
learn,1
winter,1
place,1
orange,1
funny,1
water,1
sad,1
small,1
where,1
house,1
house,1
there,1
table,1
plant,1
mountain,1
water,1
tired,1
great,1
tired,1
berry,1
again,1
mountain,1
would,1
angry,1
would,1
about,1
tired,1
place,1
about,1
after,1
funny,1
world,1
book,1
their,1
chair,1
summer,1
small,1
would,1
tired,1
their,1
their,1
desert,1
about,1
where,1
house,1
clean,1
light,1
book,1
light,1
funny,1
river,1
plant,1
water,1
house,1
these,1
three,1
three,1
pen,1
quick,1
melon,1
phone,1
smart,1
valley,1
desert,1
stone,1
river,1
table,1
pen,1
which,1
paper,1
desert,1
point,1
three,1
spring,1
write,1
world,1
there,1
orange,1
pen,1
these,1
these,1
water,1
happy,1
water,1
desert,1
sound,1
point,1
brave,1
young,1
thing,1
cloud,1
point,1
think,1
stone,1
mouse,1
plant,1
brave,1
would,1
large,1
stone,1
winter,1
write,1
winter,1
spoon,1
mouse,1
write,1
would,1
mouse,1
phone,1
ocean,1
tired,1
every,1
orange,1
light,1
spoon,1
other,1
river,1
about,1
orange,1
these,1
river,1
banana,1
smart,1
happy,1
sad,1
there,1
house,1
about,1
three,1
never,1
desert,1
phone,1
phone,1
below,1
thing,1
tired,1
their,1
mouse,1
where,1
funny,1
berry,1
funny,1
deserq,0
earn,0
othesr,0
tablem,0
bananra,0
plamt,0
watea,0
thik,0
jlace,0
here,0
yhere,0
chaior,0
pmaper,0
agin,0
thrke,0
hapdpy,0
bood,0
oceane,0
tire,0
oceaw,0
boek,0
xvery,0
threse,0
kglass,0
ight,0
quigk,0
thingw,0
brauve,0
orangc,0
soulnd,0
jelow,0
irst,0
worla,0
haxppy,0
rivr,0
smar,0
yqoung,0
poknt,0
had,0
gthree,0
grea,0
cvery,0
tble,0
wijnter,0
deserit,0
belowt,0
souhd,0
afater,0
sfund,0
lcght,0
othex,0
funvy,0
wouli,0
cberry,0
nsummer,0
ther,0
neven,0
abcut,0
wrte,0
funeny,0
bery,0
pper,0
plave,0
rights,0
agbin,0
afer,0
foaest,0
paperd,0
thik,0
eeery,0
theirg,0
lear,0
smalm,0
ocan,0
fuiny,0
muse,0
pthere,0
wordld,0
spoown,0
jtired,0
poaint,0
psen,0
pring,0
papes,0
smrt,0
ocejn,0
en,0
beqow,0
wher,0
worite,0
plnt,0
thnk,0
winuer,0
nevrr,0
culd,0
oung,0
smwart,0
coul,0
niever,0
tiref,0
rigxht,0
lhearn,0
pvace,0
cjoud,0
thetre,0
ligh,0
vlace,0
sund,0
mountqin,0
sbummer,0
cean,0
dhone,0
smalu,0
vavlley,0
watoer,0
tfink,0
wearn,0
tabl,0
wqhere,0
smnll,0
fter,0
summerm,0
fzrst,0
moxuse,0
sprting,0
worrd,0
brfave,0
bmlow,0
wintger,0
larn,0
wriae,0
papbr,0
springp,0
waer,0
tlhing,0
thes,0
grat,0
clean,0
thei,0
thede,0
cuould,0
cougld,0
bxlow,0
grewat,0
grapge,0
riqver,0
qsick,0
wpich,0
whicwh,0
paer,0
cair,0
glasms,0
winier,0
tble,0
wcould,0
wouldc,0
smartn,0
rqver,0
youn,0
tble,0
tese,0
neaer,0
earn,0
thele,0
stoe,0
gsmall,0
thise,0
afuter,0
worlvd,0
here,0
ater,0
whic,0
oter,0
coulkd,0
lplace,0
tireld,0
emvery,0
othr,0
ocead,0
spart,0
boik,0
dangry,0
platce,0
coulz,0
funnyy,0
planb,0
evevy,0
anry,0
aelon,0
tied,0
jhink,0
thee,0
chai,0
siudy,0
hangry,0
quiak,0
banaa,0
stzudy,0
belo,0
habppy,0
cean,0
vsmart,0
sod,0
muntain,0
eovery,0
housle,0
valluy,0
glas,0
yloung,0
winttr,0
blow,0
suone,0
berro,0
melgn,0
zyoung,0
ambout,0
vchair,0
sooon,0
yong,0
hdesert,0
gyeat,0
cound,0
ater,0
largeg,0
firsv,0
banaca,0
valleyx,0
yocean,0
sall,0
fist,0
smartd,0
ight,0
groape,0
agein,0
szart,0
suvmmer,0
plannt,0
abou,0
netver,0
owange,0
lrave,0
phaper,0
rivere,0
oranhge,0
mountaind,0
rape,0
funnyi,0
qwinter,0
theren,0
therk,0
youngb,0
wrave,0
loud,0
rigyht,0
ystudy,0
bave,0
wherex,0
snd,0
clougd,0
brave,0
occean,0
prn,0
cold,0
quigck,0
souond,0
zight,0
gret,0
lace,0
coul,0
stud,0
wroite,0
thnink,0
sone,0
summery,0
papr,0
byook,0
dlace,0
soon,0
oevery,0
cleanu,0
ylant,0
lare,0
youngx,0
againj,0
glawss,0
whrre,0
lcight,0
berrl,0
mose,0
pring,0
inter,0
rmart,0
smari,0
chai,0
thoir,0
worldg,0
very,0
pe,0
foret,0
agin,0
phint,0
frest,0
psn,0
deset,0
housl,0
liyht,0
wnhere,0
evey,0
sbd,0
firstl,0
ntone,0
grapoe,0
ound,0
pint,0
smal,0
stydy,0
ountain,0
bansna,0
rnght,0
rizer,0
vphone,0
sping,0
sudy,0
serry,0
rght,0
melohn,0
lauge,0
clomd,0
thin,0
velley,0
where,0
appe,0
gape,0
asain,0
belpow,0
orangz,0
ad,0
maelon,0
cklean,0
tsere,0
ight,0
abut,0
everby,0
gret,0
pointu,0
soxnd,0
melob,0
roint,0
uick,0
raight,0
rght,0
word,0
tould,0
rightc,0
evry,0
rite,0
wsite,0
norld,0
dloud,0
placek,0
braive,0
ooung,0
behow,0
orang,0
witer,0
qick,0
oceaa,0
threex,0
eorange,0
ther,0
thivg,0
belox,0
bave,0
funy,0
othe,0
thir,0
papr,0
quicmk,0
worild,0
hoiuse,0
wcorld,0
their,0
afier,0
firsit,0
glassg,0
wgrite,0
sbmall,0
zmart,0
angrc,0
ever,0
houae,0
blarge,0
dmart,0
couzd,0
neer,0
funony,0
belofw,0
cuean,0
fitrst,0
cean,0
mall,0
hing,0
whch,0
oung,0
quics,0
ther,0
sprhing,0
en,0
whicr,0
bozok,0
angzy,0
phoe,0
whih,0
fvunny,0
plnt,0
glaass,0
thring,0
sprinn,0
ummer,0
wmhich,0
skd,0
thnk,0
tble,0
sprin,0
aphle,0
lqight,0
thesre,0
pther,0
sring,0
wotrld,0
righ,0
papvr,0
grapb,0
rigt,0
mous,0
abokt,0
writ,0
largr,0
pper,0
mlon,0
glass,0
avter,0
brav,0
agry,0
swtone,0
qick,0
plat,0
penb,0
thre,0
banans,0
foret,0
yong,0
angy,0
baiana,0
whic,0
whch,0
evedy,0
oceank,0
pogint,0
leorn,0
faorest,0
tableb,0
fowest,0
tirst,0
wmnter,0
evkry,0
forst,0
whic,0
vaeley,0
here,0
tirez,0
brav,0
smaol,0
thik,0
agaon,0
vally,0
firsz,0
aout,0
plnant,0
ligcht,0
stuy,0
appy,0
pobint,0
uearn,0
glashs,0
phohne,0
funnym,0
pnn,0
grae,0
belo,0
melo,0
vountain,0
blace,0
aphle,0
nired,0
penv,0
boomk,0
wincer,0
geat,0
phonej,0
banani,0
spring,0
huppy,0
greatk,0
sipring,0
couldm,0
valyey,0
firsto,0
berrd,0
smrt,0
belsow,0
ocean,0
thre,0
laqrge,0
detert,0
agaibn,0
hrange,0
couln,0
whink,0
thefse,0
yhich,0
smalwl,0
pkace,0
tixred,0
wintfer,0
happ,0
smad,0
spon,0
thsre,0
cgoud,0
sprlng,0
ever,0
wateur,0
ever,0
wojld,0
everx,0
neoer,0
glawss,0
rhappy,0
oher,0
chir,0
wriver,0
lace,0
aftem,0
coulw,0
melo,0
woultd,0
ulight,0
spovon,0
sqmart,0
vallei,0
mlon,0
wintfr,0
chaer,0
aftgr,0
atout,0
soon,0
worl,0
thevr,0
stoni,0
platnt,0
angy,0
melzon,0
thbse,0
sctudy,0
cloudf,0
nevyer,0
ridver,0
rite,0
houyse,0
suommer,0
summeor,0
smrt,0
tiredq,0
moue,0
glss,0
pring,0
bok,0
soun,0
plae,0
pcper,0
youn,0
xgreat,0
deserk,0
mbouse,0
ocen,0
hmouse,0
spoonp,0
chaivr,0
studyu,0
glas,0
asbout,0
elow,0
whichr,0
wter,0
plantt,0
balley,0
evey,0
gaper,0
phonei,0
hppy,0
pther,0
char,0
here,0
nevr,0
funwny,0
berow,0
clod,0
whepe,0
bravx,0
stgne,0
abou,0
bravej,0
rave,0
athere,0
tablue,0
brve,0
sid,0
whee,0
lquick,0
wquld,0
gsass,0
lyght,0
whih,0
adpple,0
ould,0
tdhere,0
wrte,0
en,0
forese,0
xhese,0
sgudy,0
umall,0
winher,0
grgeat,0
rape,0
theil,0
pthing,0
tree,0
were,0
anry,0
wdnter,0
learng,0
clobd,0
smaxl,0
krave,0
erry,0
riaht,0
japer,0
vphone,0
sgain,0
whch,0
moucntain,0
ztudy,0
mpen,0
thgree,0
thmink,0
smaart,0
meln,0
afbout,0
hxappy,0
cnhair,0
phpne,0
foremt,0
whtre,0
whifch,0
bananj,0
neverz,0
oceanm,0
nfirst,0
muse,0
theif,0
lighat,0
otgher,0
wite,0
lean,0
lean,0
tablfe,0
mousew,0
cfoud,0
thkere,0
clen,0
shree,0
summwer,0
sa,0
clean,0
witer,0
cuould,0
pace,0
whrld,0
aple,0
ooean,0
uanana,0
thingq,0
smmmer,0
fzrst,0
bery,0
stonne,0
boo,0
sa,0
bananay,0
lean,0
oceana,0
ould,0
sping,0
chese,0
smacl,0
valxley,0
rivec,0
ouse,0
thoree,0
zhere,0
grmape,0
aple,0
odean,0
aple,0
agan,0
mnuse,0
clea,0
aook,0
thong,0
theye,0
pont,0
mart,0
evesry,0
applfe,0
baxnana,0
thiwk,0
beow,0
desrt,0
firdt,0
waorld,0
cean,0
hree,0
ocen,0
tree,0
wangry,0
wintpr,0
usummer,0
greaq,0
pvone,0
coul,0
summcr,0
rzght,0
afteur,0
plac,0
grapeu,0
agai,0
banaa,0
sumpmer,0
ountain,0
grae,0
geass,0
sojund,0
wouled,0
wribe,0
cean,0
souand,0
afer,0
suammer,0
brae,0
pe,0
uould,0
spzoon,0
cean,0
dgsert,0
uick,0
waber,0
plzce,0
farge,0
loint,0
agai,0
greajt,0
belkow,0
pnlant,0
cheir,0
fungy,0
lern,0
vaclley,0
abut,0
sumart,0
ztudy,0
aftet,0
ngry,0
oange,0
poon,0
lgearn,0
mountan,0
thouse,0
abouwt,0
thevr,0
ocejn,0
pokint,0
abouht,0
lern,0
oher,0
tirem,0
abolut,0
poon,0
wold,0
gape,0
worldl,0
akple,0
ligt,0
tiredp,0
xmouse,0
thinj,0
taxble,0
moudtain,0
tirud,0
vclean,0
ornge,0
twhese,0
cean,0
wbook,0
glans,0
happfy,0
summr,0
sa,0
foest,0
grealt,0
deser,0
ybook,0
lare,0
tabe,0
river,0
tableq,0
ganana,0
phoune,0
grat,0
pekn,0
kbook,0
lant,0
thin,0
quice,0
lenrn,0
berr,0
ydung,0
otuher,0
cdean,0
whhch,0
spon,0
largi,0
abouc,0
papr,0
gangry,0
rive,0
agin,0
potnt,0
lass,0
spooi,0
wher,0
ligt,0
hair,0
fhappy,0
glasas,0
tcree,0
studby,0
szall,0
alley,0
gape,0
brry,0
ngry,0
vcloud,0
hair,0
spomon,0
quuick,0
agan,0
banan,0
tbired,0
icould,0
abouvt,0
appie,0
meon,0
worl,0
claoud,0
ad,0
berr,0
about,0
hone,0
thee,0
wrjte,0
stlone,0
winter,0
pec,0
ceould,0
gprape,0
clfud,0
ould,0
happt,0
lean,0
jorest,0
valbley,0
banana,0
lear,0
tad,0
tirdd,0
hree,0
nfirst,0
pe,0
tere,0
hich,0
foest,0
foqrest,0
tone,0
oranges,0
tink,0
coulsd,0
valbley,0
lbout,0
wojld,0
rivr,0
bwnana,0
blow,0
yberry,0
quicxk,0
larn,0
oher,0
pmone,0
wter,0
vallsy,0
bery,0
ther,0
deset,0
smal,0
larg,0
ljight,0
reat,0
tuere,0
pappr,0
cleai,0
agry,0
write,0
smrt,0
tably,0
pple,0
tmountain,0
bery,0
moune,0
mlon,0
happz,0
fmnny,0
bnana,0
woere,0
elery,0
wrjte,0
whereh,0
smll,0
lean,0
gape,0
ight,0
thznk,0
pbelow,0
riyght,0
quixck,0
plano,0
rivr,0
thesef,0
funy,0
thir,0
hwappy,0
thre,0
learw,0
rier,0
sumer,0
rive,0
theqre,0
vazlley,0
chabir,0
summerp,0
worlbd,0
greatz,0
ogean,0
oceon,0
culd,0
vakley,0
mouee,0
hese,0
chairk,0
branana,0
theyr,0
theyr,0
look,0
aoter,0
therb,0
belkow,0
thre,0
ismall,0
qjick,0
soubd,0
botk,0
bhelow,0
bpok,0
banada,0
lrge,0
tred,0
evry,0
cair,0
tred,0
stiudy,0
omher,0
tble,0
leatrn,0
happky,0
foret,0
pyant,0
coud,0
clqean,0
nirst,0
glassu,0
youg,0
ytudy,0
grcape,0
brcave,0
griver,0
valey,0
dpring,0
fthere,0
melos,0
belo,0
leqarn,0
agaein,0
foprest,0
thik,0
thling,0
wherc,0
smaal,0
wqich,0
quhick,0
futnny,0
spooi,0
ucloud,0
jinter,0
desrt,0
othler,0
houvse,0
mounftain,0
abbout,0
evesry,0
chatr,0
hppy,0
cound,0
tdired,0
irst,0
bananam,0
range,0
wbrld,0
first,0
pone,0
tarble,0
sphone,0
rsmart,0
here,0
pace,0
ornge,0
oclan,0
vallaey,0
wintemr,0
sprning,0
watr,0
cloid,0
woere,0
cean,0
deert,0
ight,0
thingb,0
msuse,0
snound,0
thee,0
rixer,0
phong,0
smal,0
phote,0
styudy,0
agaih,0
tone,0
rape,0
bsanana,0
sgain,0
theiru,0
wrifte,0
xpple,0
grvape,0
tsree,0
poinkt,0
aftel,0
agkin,0
spooy,0
vallgey,0
forhest,0
sprfng,0
pace,0
orld,0
wintr,0
bzlow,0
agin,0
gjrape,0
wnter,0
biok,0
wdere,0
baana,0
banaua,0
thik,0
stuody,0
stud,0
xater,0
smartt,0
pont,0
wzite,0
righh,0
ornge,0
pmall,0
hapy,0
jtired,0
srpring,0
stcne,0
uick,0
ook,0
lass,0
abut,0
pkace,0
neer,0
ting,0
stoe,0
glss,0
stuy,0
very,0
ater,0
grat,0
peno,0
fcorest,0
liaht,0
vallgey,0
stoe,0
tsere,0
cold,0
thik,0
motse,0
worlad,0
uunny,0
thik,0
bhone,0
thre,0
taese,0
gouse,0
placw,0
waer,0
houvse,0
rightq,0
iver,0
bofk,0
aftr,0
whic,0
belw,0
ad,0
lear,0
siad,0
woqld,0
tabe,0
deksert,0
tirxed,0
mlon,0
spoos,0
afer,0
soring,0
bezow,0
houe,0
spqon,0
smakl,0
bery,0
sprinxg,0
cair,0
wofld,0
cpoon,0
gberry,0
sadd,0
pone,0
thicng,0
roight,0
hahpy,0
boojk,0
fad,0
futnny,0
stobne,0
appy,0
reat,0
baana,0
rier,0
rigtt,0
ragain,0
xhree,0
wfere,0
lasrge,0
saqd,0
firsb,0
righst,0
spoop,0
tzired,0
boof,0
syoung,0
boob,0
saj,0
bouse,0
youngg,0
clnan,0
youdng,0
summev,0
ouse,0
able,0
hair,0
brav,0
watejr,0
wher,0
clokd,0
glasqs,0
gripe,0
thnink,0
men,0
spriing,0
greazt,0
despert,0
angr,0
worlu,0
maouse,0
plnt,0
fmrest,0
boqk,0
thre,0
againo,0
cougd,0
coudld,0
bananxa,0
anry,0
desert,0
phonse,0
bookc,0
ever,0
tyree,0
tjhere,0
rver,0
grae,0
houe,0
rver,0
angrf,0
lare,0
thinug,0
glazs,0
thingh,0
pone,0
teir,0
tsad,0
grdape,0
ctlean,0
houe,0
spoocn,0
summar,0
pad,0
firs,0
sttne,0
ad,0
afer,0
woulq,0
abut,0
mounvain,0
ocan,0
weite,0
stoqe,0
threef,0
nver,0
greac,0
aaple,0
tfhese,0
wintlr,0
cad,0
gain,0
hlean,0
ayain,0
duick,0
anana,0
sound,0
gass,0
swtudy,0
yorung,0
thint,0
banaa,0
brate,0
zglass,0
thse,0
glas,0
yung,0
wpite,0
woyrld,0
threp,0
oither,0
moude,0
lighct,0
tad,0
stoe,0
spooan,0
apyple,0
char,0
hapapy,0
oranme,0
wpinter,0
abouw,0
muse,0
thin,0
clan,0
cldan,0
biook,0
stjne,0
lxearn,0
stoneb,0
thirnk,0
rver,0
tudy,0
elant,0
here,0
sounv,0
wuich,0
againh,0
meon,0
agin,0
thinj,0
lean,0
fuxny,0
clepn,0
paer,0
whwere,0
thin,0
hguse,0
hone,0
sacd,0
stne,0
hose,0
mrouse,0
argry,0
gheat,0
warter,0
plcce,0
tbanana,0
whicph,0
ttable,0
papeer,0
pxace,0
nevur,0
whee,0
eberry,0
melwn,0
rspring,0
valtey,0
qudck,0
coul,0
spohn,0
muick,0
coud,0
csean,0
cair,0
fiost,0
stonx,0
pn,0
othcer,0
ylight,0
smkall,0
thinw,0
sorund,0
poinp,0
winer,0
therc,0
there,0
deseht,0
pe,0
woulo,0
banna,0
cloyd,0
oint,0
gain,0
mountvain,0
word,0
thir,0
yung,0
valxley,0
ogreat,0
bhich,0
othdr,0
en,0
fiwrst,0
thuere,0
banna,0
placex,0
oceaa,0
deqsert,0
coud,0
whire,0
oragnge,0
belowx,0
coul,0
ythese,0
thinq,0
appple,0
uould,0
elow,0
mous,0
foreskt,0
cleak,0
othink,0
rght,0
aboyut,0
able,0
bvook,0
belpw,0
aqfter,0
wateg,0
houwse,0
placea,0
vvlley,0
blook,0
mcouse,0
elon,0
grat,0
plack,0
nevcer,0
clan,0
sa,0
angrsy,0
placeo,0
here,0
mouzntain,0
oint,0
worgld,0
chwir,0
abouz,0
thebe,0
bok,0
belomw,0
clopud,0
spon,0
osound,0
oceah,0
speoon,0
aain,0
evey,0
quck,0
pint,0
poinq,0
wxnter,0
vallzy,0
pwrite,0
hose,0
thwse,0
banaa,0
never,0
phoge,0
wjuld,0
rigxht,0
valjley,0
youngn,0
whre,0
riget,0
berry,0
fngry,0
soud,0
placoe,0
studyk,0
plnt,0
culd,0
worald,0
vallty,0
coul,0
stne,0
right,0
gljss,0
skund,0
tree,0
irst,0
firsrt,0
anry,0
nepver,0
torld,0
en,0
aboud,0
brve,0
pthink,0
cqean,0
dewsert,0
spoonf,0
thoee,0
agry,0
mountaing,0
soud,0
papeh,0
ther,0
rilver,0
thing,0
mlace,0
pant,0
debsert,0
fihst,0
wate,0
tghese,0
thqere,0
mouseq,0
aafter,0
rglass,0
bery,0
hfter,0
ltarn,0
qfuick,0
deert,0
very,0
mguntain,0
learnr,0
pe,0
tablte,0
fusny,0
appe,0
abot,0
larje,0
smadt,0
cwlean,0
throee,0
rive,0
brabe,0
whre,0
larg,0
cpaper,0
zirst,0
orang,0
wummer,0
grap,0
glasg,0
nevr,0
dmart,0
phon,0
houke,0
pez,0
ad,0
orang,0
wold,0
ould,0
drange,0
ahink,0
xinter,0
smal,0
bmerry,0
hoose,0
summr,0
ting,0
esmart,0
hink,0
wincer,0
righ,0
jwould,0
ummer,0
desyert,0
theicr,0
theee,0
papqer,0
afteu,0
rpring,0
ogain,0
yong,0
threae,0
liht,0
naever,0
apain,0
stedy,0
rthree,0
belw,0
boojk,0
pekn,0
corld,0
othe,0
glas,0
syoung,0
sofnd,0
waser,0
rivxer,0
gass,0
ad,0
agin,0
threb,0
sumfer,0
pant,0
cfuld,0
phvne,0
culd,0
fiost,0
brav,0
clou,0
ttese,0
dhair,0
uick,0
whgch,0
ther,0
housev,0
mousi,0
plac,0
mous,0
bnana,0
otrer,0
phon,0
word,0
thei,0
hing,0
gdape,0
gvrape,0
berrjy,0
berryk,0
sbtone,0
pint,0
bhere,0
applei,0
despert,0
papeo,0
clouh,0
montain,0
neverh,0
cpen,0
ound,0
gflass,0
thyese,0
hink,0
nver,0
thin,0
anugry,0
xreat,0
nhouse,0
thdse,0
houses,0
youngk,0
happy,0
aple,0
oceafn,0
pont,0
poon,0
dlant,0
tbing,0
baana,0
mall,0
mousm,0
glkass,0
yung,0
gfape,0
nevep,0
baana,0
three,0
pein,0
smal,0
lhrge,0
soun,0
hbout,0
learc,0
yong,0
smallj,0
forestm,0
souid,0
unny,0
vfirst,0
milon,0
bery,0
mreat,0
tirrd,0
pn,0
smarot,0
pemn,0
brae,0
tudy,0
grase,0
qlight,0
zhree,0
fsmart,0
largne,0
loud,0
sosnd,0
spoo,0
thignk,0
xvalley,0
graper,0
sa,0
orangf,0
mosuntain,0
smoart,0
bananav,0
tvree,0
desrt,0
funry,0
pawper,0
spoou,0
yook,0
wrld,0
pfper,0
qvuick,0
glss,0
hous,0
cxould,0
shmall,0
rwould,0
plaae,0
glals,0
hree,0
glanss,0
thesl,0
thryee,0
ould,0
rikght,0
shart,0
theke,0
woull,0
mmelon,0
cair,0
cair,0
ther,0
sart,0
jother,0
ocan,0
melown,0
batana,0
eound,0
rave,0
scart,0
paqper,0
spoo,0
placke,0
papek,0
pabout,0
meloun,0
tablge,0
culd,0
orancge,0
thhese,0
rave,0
grvape,0
clepan,0
smajrt,0
tablge,0
otdher,0
lfearn,0
hourse,0
rqght,0
thre,0
mountin,0
pllce,0
jrave,0
glask,0
orainge,0
plafce,0
btudy,0
fowrest,0
oean,0
tkere,0
chir,0
thgee,0
ljight,0
housx,0
bewry,0
ad,0
dgsert,0
berr,0
smal,0
agaiw,0
haypy,0
fxnny,0
tied,0
quik,0
angy,0
houe,0
bananja,0
thes,0
tabde,0
stuvdy,0
aple,0
oceun,0
sasd,0
plan,0
winterw,0
firs,0
baeana,0
poist,0
thingi,0
laprge,0
happd,0
pven,0
orage,0
yorange,0
stoe,0
rape,0
worpd,0
roint,0
tkred,0
stonu,0
tibred,0
plabe,0
wherme,0
forestv,0
ther,0
stdy,0
angrys,0
evry,0
wrhte,0
angryq,0
thang,0
thede,0
pone,0
evely,0
clan,0
whic,0
brnave,0
glatss,0
qloud,0
spoo,0
nbver,0
aple,0
pjaper,0
winbter,0
ummer,0
bight,0
rive,0
hink,0
cean,0
pqint,0
word,0
ccair,0
thee,0
poon,0
othier,0
funy,0
valdley,0
rgver,0
studfy,0
worlo,0
smartl,0
grapv,0
qwhere,0
neve,0
lare,0
clecn,0
desertz,0
rver,0
sbudy,0
bergy,0
bave,0
eafter,0
vally,0
wold,0
grqape,0
ired,0
worlqd,0
applee,0
lage,0
thse,0
applke,0
bok,0
greal,0
ther,0
thesef,0
oean,0
eother,0
brlow,0
fdnny,0
uother,0
zook,0
fkrst,0
rbght,0
abgry,0
foreat,0
aupple,0
mounyain,0
hhouse,0
grat,0
vllley,0
ad,0
yevery,0
glaxss,0
afer,0
pef,0
xhair,0
stdy,0
those,0
ostudy,0
fnny,0
valxley,0
boobk,0
thvre,0
quic,0
wbinter,0
cnlean,0
pint,0
smll,0
thnk,0
tablae,0
meon,0
tablte,0
geat,0
mcuntain,0
sfmall,0
ggrape,0
bok,0
lebarn,0
coul,0
thres,0
hguse,0
mountain,0
sprxing,0
tabe,0
hing,0
summr,0
anry,0
cean,0
yiver,0
clea,0
pont,0
phore,0
soud,0
rivyr,0
klace,0
vallgy,0
sone,0
cleaz,0
sund,0
aftr,0
abuut,0
whelre,0
therz,0
agaiin,0
theixr,0
ocen,0
sumer,0
bpoint,0
wrld,0
sart,0
whater,0
ghink,0
chvir,0
tiered,0
upen,0
moontain,0
orangeb,0
wakter,0
greatt,0
bananca,0
phon,0
desrert,0
muse,0
lean,0
glahs,0
unny,0
pape,0
talle,0
tghere,0
pn,0
woul,0
pwrite,0
tied,0
bagnana,0
ywould,0
ater,0
srart,0
psaper,0
bananab,0
blook,0
anain,0
meloh,0
study,0
aftegr,0
theee,0
huse,0
happxy,0
clen,0
quic,0
nheir,0
larte,0
wmter,0
tirzd,0
threea,0
glight,0
thes,0
qunny,0
eery,0
bananka,0
sumer,0
rier,0
xwrite,0
yung,0
riverl,0
tese,0
hlouse,0
sadt,0
waer,0
berdy,0
thesg,0
able,0
qick,0
happpy,0
smaru,0
smzall,0
hink,0
ad,0
prace,0
afteri,0
grsat,0
vahlley,0
yooung,0
wosrld,0
spoou,0
oint,0
oange,0
lelarn,0
vallety,0
sall,0
glaso,0
dirst,0
lxight,0
tese,0
mjlon,0
cglean,0
firt,0
waher,0
watoer,0
ired,0
desmert,0
dsound,0
bnana,0
bravwe,0
springi,0
pawer,0
poiunt,0
uabout,0
vallyy,0
neve,0
waterb,0
lcean,0
sumdmer,0
qick,0
berby,0
grap,0
woulde,0
stqdy,0
winiter,0
triver,0
wight,0
lrge,0
pgaper,0
placi,0
desertm,0
winterg,0
oean,0
thaee,0
vallfey,0
phne,0
timred,0
nkever,0
ocvan,0
rver,0
zquick,0
berky,0
oreat,0
spoo,0
sumer,0
watvr,0
tacble,0
happb,0
agai,0
thee,0
vallegy,0
sa,0
voint,0
thnk,0
ight,0
vallez,0
wintr,0
whee,0
bery,0
here,0
spmoon,0
bout,0
tchere,0
aftee,0
quicyk,0
theiir,0
plyce,0
clloud,0
thcee,0
fnny,0
hair,0
jtable,0
brape,0
glask,0
quicp,0
worlx,0
plaznt,0
lant,0
anain,0
deserxt,0
tese,0
phohne,0
othe,0
mountailn,0
ligh,0
cyean,0
thee,0
abvout,0
tale,0
lare,0
tiredr,0
agry,0
smll,0
watero,0
abojt,0
clud,0
othkr,0
ehese,0
hese,0
lght,0
summel,0
nspoon,0
nver,0
eiver,0
aboqut,0
phlne,0
rive,0
sond,0
valey,0
socund,0
sadj,0
lemrn,0
placte,0
thdese,0
hagpy,0
berru,0
bravep,0
soundw,0
gain,0
elow,0
xelow,0
bananh,0
orld,0
thewse,0
baana,0
wkite,0
funy,0
aad,0
tbink,0
rable,0
aboutx,0
iould,0
write,0
berry,0
fidrst,0
irape,0
lhree,0
aater,0
whre,0
moue,0
wintr,0
pant,0
watr,0
creat,0
banan,0
bnana,0
pring,0
soun,0
sukmmer,0
wher,0
panper,0
plnt,0
cdhair,0
chairj,0
ucean,0
iphone,0
spring,0
fikst,0
yuick,0
ocen,0
righto,0
cloudt,0
wjich,0
spoan,0
ater,0
whicu,0
summere,0
thlng,0
wyter,0
bwok,0
thee,0
pauer,0
melyn,0
mountwin,0
theiir,0
tdhing,0
evexy,0
beaow,0
desrt,0
creat,0
phoneu,0
afunny,0
baiana,0
lant,0
rivr,0
ocran,0
pxen,0
rivekr,0
ywoung,0
qick,0
winer,0
papetr,0
rivefr,0
foredt,0
plagt,0
grapoe,0
soon,0
leahrn,0
plakce,0
yung,0
evry,0
hair,0
wjich,0
studp,0
evey,0
ynever,0
socean,0
earn,0
ad,0
oraknge,0
whqch,0
ocea,0
deset,0
adter,0
rier,0
aple,0
skall,0
thng,0
jhone,0
gain,0
bananva,0
witer,0
nevaer,0
soun,0
ook,0
pabper,0
threq,0
spon,0
whereq,0
sone,0
glars,0
coud,0
coud,0
smal,0
gass,0
ountain,0
berryj,0
lear,0
kthese,0
quichk,0
spgon,0
tablte,0
moue,0
apfter,0
apple,0
quiqk,0
tabe,0
wuld,0
therie,0
largye,0
oceabn,0
summbr,0
hppy,0
culd,0
unny,0
teir,0
valleyo,0
plce,0
glasss,0
fifst,0
funnyt,0
pint,0
happ,0
thnere,0
orange,0
gape,0
lijght,0
houqe,0
peng,0
muntain,0
housex,0
hapy,0
thzree,0
bclow,0
smwall,0
otzher,0
vorest,0
deser,0
learnu,0
lzarge,0
stoneb,0
ocan,0
bolok,0
lalrge,0
neyer,0
sumzer,0
htappy,0
snd,0
youqng,0
xmart,0
phne,0
olace,0
timed,0
ad,0
yqoung,0
smartt,0
phoone,0
appy,0
dsert,0
aain,0
slean,0
dplant,0
very,0
apple,0
nevoer,0
ound,0
agaia,0
elow,0
valey,0
funsny,0
glas,0
lamge,0
mounain,0
papr,0
wate,0
pone,0
aain,0
bave,0
ligt,0
melo,0
sumer,0
hopse,0
orangue,0
oceapn,0
vouse,0
beuow,0
angr,0
jchair,0
poibnt,0
were,0
fnny,0
thryee,0
desertg,0
plce,0
sond,0
penj,0
cdloud,0
greaa,0
mountaijn,0
wold,0
lght,0
grealt,0
oarange,0
orane,0
bananaz,0
grae,0
ophone,0
thyeir,0
char,0
range,0
lhere,0
afte,0
nerry,0
grgat,0
neber,0
phonf,0
aound,0
summerl,0
sgart,0
ghlass,0
phonoe,0
ptint,0
berrr,0
afteq,0
couli,0
piint,0
thre,0
thee,0
defsert,0
dvsert,0
sping,0
smrt,0
tlight,0
belw,0
hagpy,0
haptpy,0
smarat,0
rtheir,0
vwrite,0
rijer,0
mangry,0
arge,0
watr,0
appln,0
ulean,0
wbrite,0
iver,0
piper,0
mthere,0
ligt,0
girape,0
deset,0
thingl,0
desefrt,0
bkave,0
stopne,0
quink,0
bery,0
lear,0
pgen,0
wriwe,0
younr,0
wovld,0
fiqst,0
edery,0
yotng,0
sone,0
neve,0
fpnny,0
thivnk,0
phne,0
smzll,0
ihese,0
happhy,0
ting,0
thtese,0
summr,0
fourest,0
ater,0
oceano,0
grae,0
thes,0
pint,0
mefon,0
were,0
clou,0
abouot,0
crape,0
eapple,0
clud,0
wuick,0
valey,0
mall,0
angay,0
tbable,0
haeppy,0
applae,0
quixk,0
ocea,0
righbt,0
everk,0
qen,0
elon,0
hose,0
elow,0
gthree,0
mrite,0
ligjht,0
plat,0
yovung,0
ysad,0
anrry,0
dhere,0
thin,0
thik,0
grake,0
rivelr,0
gret,0
grase,0
pper,0
grtat,0
inter,0
phne,0
summe,0
orld,0
clea,0
muse,0
largi,0
pspoon,0
largbe,0
sd,0
boo,0
pould,0
lace,0
wrte,0
bbave,0
spoorn,0
clouvd,0
grpe,0
hafpy,0
mountan,0
thqree,0
therse,0
aftgr,0
sutmer,0
berr,0
sas,0
igreat,0
esmart,0
bok,0
clou,0
coud,0
berow,0
stuny,0
papoer,0
greatr,0
etone,0
gould,0
pe,0
firtt,0
thesse,0
mfunny,0
anry,0
sumoer,0
workd,0
bojok,0
afte,0
cair,0
melox,0
othaer,0
ight,0
firsta,0
asngry,0
deert,0
chasir,0
fusnny,0
wich,0
hese,0
thik,0
whre,0
youzng,0
boo,0
ater,0
boof,0
whcch,0
poon,0
quicx,0
winer,0
orangge,0
paer,0
puace,0
wjater,0
summher,0
rigt,0
gass,0
qloud,0
cblean,0
hapapy,0
wfhere,0
aple,0
kould,0
pn,0
wrie,0
afkter,0
ddesert,0
stoine,0
mountai,0
inter,0
whichc,0
hair,0
elow,0
mwountain,0
coulrd,0
melons,0
aftexr,0
tirep,0
daesert,0
phowne,0
plac,0
think,0
dfesert,0
smaal,0
mountai,0
greaut,0
baana,0
vallxy,0
pvant,0
pcone,0
bsmart,0
ihouse,0
coud,0
tere,0
wxrite,0
stdy,0
betrry,0
birave,0
phoe,0
tyere,0
cound,0
aftee,0
pe,0
aboutt,0
ygrape,0
urange,0
sudy,0
soud,0
moue,0
cold,0
wever,0
saund,0
pwhich,0
beow,0
phant,0
lkearn,0
chsair,0
ater,0
loud,0
mountai,0
menon,0
plac,0
smar,0
deser,0
sa,0
angr,0
tsmart,0
inter,0
smal,0
evmery,0
neve,0
evry,0
learnu,0
firwst,0
fnrest,0
gbreat,0
mountaicn,0
xight,0
bout,0
hapjpy,0
ahfter,0
beow,0
sadi,0
woluld,0
ywhere,0
agoain,0
afer,0
suymer,0
lare,0
vally,0
pant,0
lern,0
learnu,0
otner,0
ouse,0
evjery,0
agin,0
mjlon,0
pec,0
frunny,0
wold,0
grzat,0
mous,0
rigsht,0
blow,0
thee,0
twhing,0
spoo,0
firs,0
baana,0
tiheir,0
nevver,0
thig,0
grap,0
tamle,0
waer,0
therje,0
angry,0
wher,0
couldc,0
bok,0
rgiver,0
cean,0
foresto,0
waqer,0
valle,0
brve,0
cleaa,0
neve,0
clour,0
belobw,0
dejert,0
every,0
anana,0
ccean,0
mlon,0
applx,0
berryr,0
ojcean,0
cloudp,0
rightg,0
alley,0
tcble,0
thesef,0
neverv,0
riqght,0
ligt,0
righlt,0
stones,0
smrt,0
youn,0
wold,0
sounmd,0
plahnt,0
gpreat,0
glagss,0
whic,0
ever,0
afqter,0
aple,0
soun,0
xrape,0
ater,0
learng,0
foqest,0
plfnt,0
deserkt,0
tlight,0
pelant,0
timed,0
appleo,0
applq,0
tireda,0
pint,0
hich,0
ocqan,0
mountaivn,0
thinek,0
three,0
nchair,0
anry,0
graxpe,0
aboeut,0
whic,0
studyy,0
ould,0
dsummer,0
wheqe,0
thinkl,0
vally,0
etudy,0
very,0
thqink,0
thjse,0
studky,0
lare,0
bout,0
tcould,0
ever,0
greaet,0
hocuse,0
liht,0
smll,0
oher,0
xfter,0
papert,0
orang,0
smal,0
tayble,0
smsrt,0
loud,0
tkhese,0
watcr,0
bnlow,0
plantc,0
stud,0
wite,0
banaa,0
binter,0
thqee,0
poifnt,0
smalk,0
hose,0
righnt,0
xpen,0
chai,0
mountai,0
clen,0
summjr,0
applx,0
whee,0
angrwy,0
very,0
cleln,0
baana,0
abouat,0
cold,0
pn,0
coul,0
othper,0
sdoon,0
berr,0
tink,0
clod,0
appe,0
pont,0
sounid,0
phonet,0
smallv,0
worlmd,0
oint,0
oceax,0
wter,0
theiw,0
deseat,0
here,0
mocuse,0
whicht,0
spoun,0
sprng,0
youzg,0
thint,0
chould,0
firsst,0
paer,0
plnt,0
angdy,0
gzape,0
orbnge,0
phree,0
quica,0
sgtudy,0
bok,0
thse,0
hppy,0
ocea,0
theiy,0
larkge,0
worldk,0
thereh,0
stoner,0
sumjmer,0
sadu,0
therf,0
tited,0
sart,0
dirst,0
abost,0
lass,0
wold,0
ever,0
weould,0
mountin,0
burave,0
thaee,0
paptr,0
sumer,0
fsad,0
grbat,0
wrie,0
clen,0
belw,0
whpch,0
bvok,0
watea,0
wrte,0
tuble,0
angy,0
uhing,0
smnll,0
papxr,0
nrever,0
thrfe,0
stud,0
agwain,0
orangoe,0
sone,0
firsq,0
leari,0
whpre,0
penk,0
appl,0
wzter,0
tireed,0
pkint,0
glss,0
llight,0
clead,0
halppy,0
ther,0
lrarn,0
happyj,0
orajnge,0
clcoud,0
smal,0
berr,0
nevr,0
melon,0
fiarst,0
cheir,0
appleg,0
ploant,0
grahe,0
tghree,0
afterr,0
thng,0
sounn,0
largex,0
leaarn,0
aboue,0
nevcr,0
whater,0
mountjain,0
alfter,0
whch,0
papser,0
toint,0
deser,0
rifght,0
stbdy,0
thfnk,0
dssert,0
ien,0
afterz,0
woulj,0
spioon,0
trired,0
abut,0
symart,0
belw,0
mounse,0
tweir,0
cleanz,0
whese,0
ocoean,0
pahone,0
lighqt,0
spool,0
thee,0
ouse,0
vallky,0
pepn,0
ould,0
applve,0
tjing,0
abot,0
whih,0
wich,0
threv,0
appe,0
imart,0
smll,0
appme,0
nlass,0
chasr,0
sumamer,0
hich,0
sxound,0
mouue,0
nxver,0
hopuse,0
thipk,0
mall,0
melun,0
qutick,0
ploint,0
melxn,0
smaql,0
tehing,0
phne,0
elow,0
grwape,0
grrpe,0
aqgry,0
lighz,0
othher,0
blow,0
phqne,0
lbrge,0
tbhere,0
resert,0
ouse,0
pcould,0
thinog,0
rightq,0
anjry,0
pape,0
frest,0
pn,0
wherne,0
lhere,0
rightt,0
plac,0
studl,0
glasrs,0
clovd,0
stuy,0
phese,0
vallery,0
bok,0
plans,0
gldass,0
mounwtain,0
foest,0
thre,0
tred,0
thee,0
houe,0
culd,0
lplant,0
krange,0
whic,0
yevery,0
hapnpy,0
clud,0
greaxt,0
reat,0
pper,0
applei,0
ezery,0
tgired,0
housel,0
lght,0
thig,0
pointk,0
mzelon,0
thes,0
priver,0
evedry,0
whih,0
thei,0
mousey,0
thin,0
whore,0
ocman,0
tking,0
hose,0
beloow,0
anxgry,0
rier,0
larg,0
valle,0
youngd,0
lighct,0
hapzy,0
riht,0
tqhese,0
alley,0
woujd,0
mous,0
wintep,0
blow,0
thene,0
wherew,0
fozest,0
tabrle,0
vlley,0
gcrape,0
stiudy,0
pklant,0
dcloud,0
graphe,0
banyna,0
poon,0
melos,0
ntver,0
moxse,0
cstone,0
sosnd,0
wqhich,0
brase,0
culoud,0
sbmmer,0
desrt,0
sbound,0
lange,0
writej,0
vwater,0
pauper,0
here,0
heir,0
raight,0
spojon,0
summe,0
deser,0
bgrape,0
ygain,0
alley,0
thesge,0
nbever,0
aftexr,0
banaa,0
coulu,0
abiout,0
wraite,0
vlace,0
fupnny,0
smll,0
clod,0
thlnk,0
paer,0
brapve,0
oranse,0
woulrd,0
vacley,0
ldght,0
goape,0
poit,0
sart,0
firs,0
wintec,0
thre,0
clkud,0
sojnd,0
sprirng,0
ouse,0
aftr,0
smat,0
awould,0
ornge,0
mpring,0
glfss,0
phne,0
phonez,0
pyper,0
angy,0
otber,0
workd,0
chaid,0
thesek,0
soundp,0
riveer,0
lelon,0
evey,0
tiredx,0
spaoon,0
unny,0
tjink,0
tirwd,0
tied,0
moule,0
gain,0
housed,0
hpoon,0
tchree,0
youqng,0
vunny,0
wad,0
woud,0
orangfe,0
hpppy,0
firjt,0
clolud,0
elow,0
foresy,0
soon,0
coud,0
afte,0
tlhink,0
whefe,0
alley,0
uberry,0
cforest,0
dfter,0
frst,0
rigoht,0
tablm,0
wiuter,0
pkone,0
wnuld,0
papr,0
qpoint,0
tone,0
brav,0
lwinter,0
nemer,0
tqble,0
cair,0
thiank,0
stgudy,0
abkout,0
lean,0
aboug,0
ligzt,0
valle,0
brite,0
oung,0
tird,0
cloudr,0
righ,0
spoeon,0
thyre,0
plant,0
evey,0
liht,0
aper,0
cojld,0
kreat,0
nver,0
desrt,0
atheir,0
thei,0
riht,0
oceqn,0
wigter,0
eveory,0
yqung,0
mchair,0
oher,0
suzmer,0
whih,0
thino,0
sthree,0
djesert,0
pont,0
papaer,0
anout,0
lean,0
sound,0
pkn,0
othe,0
sag,0
moume,0
bookd,0
rforest,0
plac,0
adpple,0
stcdy,0
ihair,0
stumy,0
ldarn,0
greavt,0
lrght,0
melo,0
apole,0
apdple,0
oranke,0
placie,0
wintez,0
maper,0
tird,0
oranyge,0
supring,0
naver,0
belo,0
ppaper,0
melo,0
sprhng,0
tire,0
writ,0
smmer,0
gchair,0
sprng,0
sart,0
clen,0
bout,0
very,0
spxing,0
forst,0
quimk,0
lern,0
bound,0
witer,0
afterm,0
melwn,0
worlid,0
learvn,0
acngry,0
winte,0
lear,0
char,0
mworld,0
zrape,0
wouldl,0
mlant,0
glassg,0
ather,0
corld,0
cleacn,0
elow,0
whbre,0
mcuntain,0
aple,0
cean,0
clout,0
winteer,0
studj,0
wherr,0
plaant,0
houe,0
greatq,0
rhight,0
evmry,0
bynana,0
xloud,0
thrink,0
ater,0
aple,0
stne,0
tsred,0
spooin,0
lisght,0
mthree,0
worlwd,0
woulj,0
rikht,0
cloean,0
sjummer,0
thknk,0
tireh,0
hagppy,0
sa,0
rightg,0
haqpy,0
mbrave,0
ltired,0
fmorest,0
stedy,0
deser,0
forest,0
sgtone,0
omouse,0
whichy,0
wjhere,0
stude,0
aoain,0
applu,0
evey,0
szmart,0
char,0
smoll,0
smalbl,0
zhing,0
grefat,0
wouled,0
poin,0
blow,0
vlley,0
whvch,0
grpe,0
geat,0
zthink,0
agin,0
hous,0
sumuer,0
apter,0
cltud,0
nebver,0
funy,0
mofuse,0
rigpt,0
oceqan,0
womld,0
dould,0
plnnt,0
deserth,0
berroy,0
ad,0
ould,0
rclean,0
ocegn,0
ould,0
youg,0
rver,0
xhese,0
smal,0
here,0
bezow,0
sai,0
wtable,0
poin,0
cqean,0
heir,0
wivter,0
warld,0
spoong,0
wherez,0
wintmer,0
hink,0
clkean,0
valler,0
hone,0
eagain,0
thin,0
hink,0
cpaper,0
afte,0
bkrry,0
mouje,0
wirnter,0
ould,0
tird,0
theijr,0
phune,0
clan,0
beow,0
couid,0
plmace,0
foarest,0
bananc,0
belry,0
iappy,0
bhook,0
othner,0
theor,0
wite,0
apout,0
oher,0
erry,0
poino,0
lare,0
sjmart,0
clan,0
larrge,0
rrange,0
apzple,0
sypoon,0
tnever,0
sadt,0
fater,0
aftr,0
rtired,0
glas,0
frange,0
dad,0
braven,0
witer,0
rier,0
rigt,0
ligh,0
angrsy,0
wrte,0
smadt,0
qfter,0
wrld,0
abgut,0
phne,0
sprinx,0
mous,0
moufe,0
thein,0
ook,0
chhir,0
clgean,0
larte,0
omelon,0
bok,0
baxnana,0
ficrst,0
oung,0
thifg,0
tabve,0
grapex,0
sjpring,0
studyy,0
learjn,0
therie,0
wbrave,0
tpoint,0
othr,0
melohn,0
neover,0
ting,0
abut,0
mglon,0
mousge,0
rkiver,0
rbght,0
liht,0
zbout,0
wad,0
firs,0
tuble,0
funay,0
strudy,0
rhing,0
bedrry,0
gass,0
sa,0
penl,0
apgple,0
whbch,0
qgain,0
here,0
tvhree,0
btook,0
fixrst,0
here,0
dright,0
yong,0
fporest,0
learn,0
thitng,0
lpoon,0
clhean,0
thin,0
aftter,0
wherz,0
angrky,0
ston,0
fprest,0
stkdy,0
mhere,0
houke,0
loght,0
poit,0
souxd,0
valvey,0
thee,0
sstudy,0
angrl,0
meloa,0
afte,0
thee,0
fgrst,0
wouzd,0
thig,0
wrzite,0
plfce,0
homuse,0
mountbin,0
wosld,0
thei,0
youg,0
zoint,0
mglon,0
whre,0
wyould,0
writke,0
banan,0
spovon,0
lght,0
boop,0
quieck,0
smat,0
thee,0
meloy,0
ysad,0
frst,0
younv,0
riht,0
wite,0
spoomn,0
sloon,0
brxave,0
wghere,0
srtudy,0
tablei,0
spon,0
ther,0
sntone,0
tad,0
tcble,0
phoe,0
biook,0
iever,0
paaer,0
placek,0
bwrave,0
whehe,0
poin,0
grat,0
phonne,0
ocea,0
wuld,0
oceyn,0
ight,0
gpaper,0
firsut,0
cberry,0
nver,0
sart,0
rivep,0
tale,0
funy,0
taile,0
wate,0
wortld,0
axout,0
mounltain,0
sab,0
mobuntain,0
melwon,0
spoo,0
ligwht,0
edesert,0
tabl,0
calley,0
greaht,0
cloyd,0
thzse,0
hocse,0
pointv,0
foresrt,0
otherl,0
foresvt,0
lace,0
rightx,0
graat,0
oxcean,0
kthing,0
ad,0
suzmer,0
wintser,0
aain,0
pe,0
graope,0
meuse,0
thweir,0
tvink,0
cthese,0
desetrt,0
quiwk,0
snart,0
thtese,0
esert,0
plnce,0
hagpy,0
anry,0
whicy,0
earn,0
qcean,0
earn,0
sping,0
uater,0
sumkmer,0
pean,0
sounhd,0
whic,0
rivwr,0
youg,0
valuley,0
rivetr,0
pn,0
wich,0
phree,0
anggy,0
boov,0
lable,0
foest,0
wpich,0
cnever,0
houmse,0
ever,0
summr,0
elow,0
whichr,0
spoovn,0
rigut,0
writ,0
smqall,0
wintbr,0
muntain,0
grae,0
forcest,0
berly,0
rave,0
xthree,0
bmerry,0
wibnter,0
qulick,0
cloudu,0
foirst,0
sqd,0
plce,0
grzpe,0
loud,0
clod,0
bpelow,0
agaiv,0
sart,0
thig,0
ocan,0
freat,0
smaro,0
varge,0
slant,0
vpoint,0
whmch,0
ofean,0
oter,0
stdy,0
ired,0
peo,0
ornge,0
agin,0
ever,0
lenrn,0
lean,0
rght,0
apyple,0
stujy,0
cphone,0
vadlley,0
ypoung,0
cleau,0
banata,0
clgean,0
yrave,0
fuxny,0
pcn,0
cquld,0
aain,0
neveyr,0
pn,0
sdpoon,0
ocan,0
gain,0
txeir,0
ook,0
wherh,0
lrge,0
cloud,0
fores,0
sprisg,0
sprinng,0
tabe,0
hfter,0
melonu,0
tale,0
grkape,0
xound,0
tone,0
theic,0
wxrite,0
ting,0
ucean,0
there,0
rwver,0
melon,0
worl,0
ryiver,0
ihich,0
studyl,0
howuse,0
mexlon,0
wiynter,0
bery,0
tirued,0
winteg,0
graye,0
appl,0
sprong,0
hsad,0
wouild,0
summbr,0
pbrave,0
worild,0
yung,0
brve,0
yngry,0
gberry,0
prn,0
soon,0
rtired,0
tfheir,0
anury,0
plage,0
pkace,0
ould,0
abot,0
glasjs,0
srd,0
smamt,0
afte,0
enever,0
xthink,0
glals,0
learwn,0
dezsert,0
evekry,0
sall,0
tred,0
tabple,0
tthere,0
memon,0
waterw,0
thir,0
ligh,0
thiung,0
wuld,0
pxn,0
soqund,0
culd,0
cplace,0
lant,0
wwould,0
grean,0
rivbr,0
learo,0
rape,0
everyx,0
fpring,0
wricte,0
myoung,0
sprng,0
tring,0
housxe,0
aeain,0
plaet,0
jerry,0
whih,0
lighy,0
bananm,0
ountain,0
mose,0
glgass,0
larce,0
mousec,0
angy,0
bravr,0
ston,0
studb,0
cyean,0
wherev,0
hapy,0
thele,0
nevev,0
orande,0
paer,0
tree,0
valey,0
tthing,0
ight,0
perry,0
tale,0
leabn,0
belkow,0
riight,0
twble,0
grecat,0
funy,0
cleak,0
wintr,0
pvn,0
fcean,0
libht,0
qreat,0
hapby,0
chuir,0
summser,0
fappy,0
larn,0
thinko,0
valey,0
thzir,0
bejrry,0
everyf,0
tghing,0
cloud,0
unny,0
tnere,0
loud,0
abott,0
wsnter,0
righy,0
ptant,0
ater,0
deert,0
wheroe,0
stene,0
thcng,0
phole,0
sstone,0
paer,0
quihck,0
hapqy,0
dfunny,0
sumer,0
mousv,0
lkarge,0
hair,0
coud,0
worhd,0
houvse,0
evlry,0
foirst,0
grope,0
bout,0
winterk,0
whch,0
ahappy,0
banana,0
clhoud,0
lpen,0
rite,0
smalr,0
afterl,0
vangry,0
ozange,0
bery,0
wintur,0
phmne,0
woud,0
wher,0
arfter,0
oranqge,0
thik,0
vavlley,0
ad,0
beow,0
word,0
clen,0
piaper,0
sproon,0
xcean,0
yong,0
ywrite,0
quice,0
here,0
otjher,0
thexe,0
studw,0
sprifng,0
riverg,0
worlde,0
ouse,0
greakt,0
young,0
mountein,0
ureat,0
clud,0
brage,0
unever,0
vally,0
tere,0
lean,0
waer,0
brafe,0
mzuse,0
thse,0
firsl,0
tabl,0
beow,0
clxan,0
rouse,0
sd,0
orest,0
happny,0
sumzer,0
iorange,0
sart,0
threfe,0
agkain,0
moustain,0
elow,0
qunny,0
aper,0
gyreat,0
yever,0
eearn,0
yung,0
everqy,0
stonm,0
thesq,0
avpple,0
rigzt,0
large,0
deser,0
wlace,0
oceam,0
happ,0
ubook,0
jthing,0
smrt,0
tire,0
gryape,0
smrt,0
deseft,0
penn,0
thesc,0
deserti,0
womld,0
sring,0
mountdain,0
deserc,0
mousn,0
booj,0
smjall,0
lrarn,0
vpen,0
ound,0
irst,0
tmhere,0
writeu,0
sdtone,0
nheir,0
housqe,0
ummer,0
righdt,0
winyer,0
thexe,0
oher,0
berrr,0
berryn,0
ssound,0
smalcl,0
pring,0
gret,0
plae,0
pright,0
waeer,0
phon,0
phoe,0
anory,0
thir,0
piant,0
houses,0
vallsy,0
tablg,0
thnse,0
sone,0
cyhair,0
xwould,0
larue,0
theig,0
riht,0
quic,0
qpoon,0
rivjr,0
ciair,0
plnt,0
grape,0
atain,0
ight,0
abot,0
siart,0
righ,0
balley,0
wherel,0
summere,0
cleax,0
glas,0
sumeer,0
yung,0
lear,0
betow,0
moue,0
houseb,0
rive,0
adain,0
thee,0
sa,0
smrt,0
tapple,0
tone,0
hsound,0
lear,0
therer,0
pthink,0
beloww,0
tree,0
unny,0
oean,0
brok,0
oicean,0
waer,0
wouvd,0
cvhair,0
firt,0
ound,0
deserrt,0
apgle,0
here,0
afvter,0
beow,0
othe,0
clen,0
thesu,0
sond,0
tably,0
rver,0
grea,0
stundy,0
pint,0
vaqley,0
abou,0
ther,0
rigt,0
ountain,0
sponn,0
quivk,0
ston,0
broave,0
tiretd,0
cgreat,0
melo,0
pxen,0
eight,0
about,0
vplant,0
theiz,0
quickn,0
tzhree,0
ldght,0
riler,0
leairn,0
lamge,0
ttble,0
hmelon,0
chir,0
ocen,0
berny,0
vother,0
soud,0
aboult,0
rite,0
spriong,0
funn,0
hapy,0
whih,0
soon,0
rave,0
whic,0
clud,0
mountawin,0
dight,0
wwnter,0
sptring,0
rvery,0
papew,0
studly,0
thinp,0
sumer,0
firstt,0
grea,0
funns,0
watr,0
hapy,0
largek,0
tioed,0
tqing,0
ounny,0
poinut,0
thrpe,0
happyr,0
dphone,0
aain,0
rite,0
smalrt,0
poingt,0
thigg,0
iafter,0
ayoung,0
evvery,0
rivler,0
thone,0
ogean,0
smadll,0
anry,0
wouhd,0
wnter,0
tuese,0
yong,0
ting,0
jhink,0
aple,0
forespt,0
afyer,0
moujntain,0
quijck,0
spoot,0
pfn,0
bananai,0
sall,0
fifst,0
berrs,0
pple,0
thimnk,0
riht,0
vable,0
wold,0
oight,0
appl,0
fnny,0
glas,0
lage,0
sping,0
sudy,0
firsat,0
uick,0
aftker,0
plhace,0
learn,0
mright,0
cair,0
helon,0
ight,0
oczean,0
syd,0
qutck,0
orage,0
ruick,0
phoe,0
tone,0
chnir,0
wqere,0
lfrge,0
lalrge,0
gass,0
hich,0
smatl,0
dcloud,0
afjter,0
bery,0
mcuse,0
ztable,0
chgir,0
wahich,0
hopse,0
clouv,0
mountan,0
cold,0
quxck,0
shone,0
uhere,0
ornge,0
rikht,0
angr,0
wintcer,0
housqe,0
yjung,0
glas,0
pshone,0
placd,0
cnlean,0
rivenr,0
ligmt,0
bok,0
sjring,0
valled,0
rivqr,0
cruld,0
worl,0
wiuld,0
hink,0
woryld,0
firs,0
agfter,0
rigyt,0
bok,0
quicku,0
liht,0
pdesert,0
melonf,0
phair,0
tink,0
bryve,0
wortd,0
cloean,0
ountain,0
pvace,0
firsz,0
galass,0
tanle,0
hair,0
soxund,0
smll,0
hapy,0
anana,0
orage,0
sqpoon,0
wawter,0
spotn,0
stuey,0
whfch,0
neler,0
glrass,0
lear,0
abain,0
whfch,0
spooz,0
watzr,0
coguld,0
studzy,0
rigdt,0
winteo,0
qulck,0
ther,0
tone,0
smafrt,0
clen,0
belmw,0
calean,0
graee,0
sprinhg,0
rier,0
fnny,0
tabe,0
appln,0
rivr,0
yoaung,0
aftei,0
applse,0
chavir,0
hink,0
cean,0
abnut,0
quifk,0
thizk,0
banaa,0
funn,0
clud,0
grrpe,0
oange,0
quck,0
zoint,0
wintr,0
abut,0
sqd,0
smabt,0
cloudf,0
lght,0
snart,0
akngry,0
workd,0
thecr,0
cleac,0
huse,0
hppy,0
pplant,0
younvg,0
phonl,0
tablei,0
woul,0
yfoung,0
vally,0
thfink,0
grapef,0
rgreat,0
rivel,0
smll,0
thik,0
thlink,0
leawn,0
orane,0
chir,0
vflley,0
plan,0
gfeat,0
laarn,0
book,0
winyter,0
valey,0
tere,0
oint,0
threee,0
thqere,0
book,0
fdirst,0
sbart,0
thren,0
winted,0
coud,0
uplant,0
righ,0
wsmart,0
wherf,0
uanana,0
ebrave,0
tihese,0
beow,0
fhich,0
rape,0
sbd,0
foret,0
bery,0
clen,0
thinj,0
toired,0
ting,0
smalp,0
cthere,0
pn,0
lare,0
deert,0
cqould,0
abut,0
hhone,0
whiceh,0
rivier,0
smarl,0
spring,0
sart,0
appvle,0
pwaper,0
tyheir,0
couid,0
zouse,0
wordd,0
ocen,0
ater,0
boork,0
thee,0
oriange,0
evexy,0
clogd,0
teir,0
wintar,0
boo,0
mountnain,0
appe,0
arain,0
houe,0
thinf,0
esert,0
orld,0
meon,0
ocan,0
stoni,0
neer,0
dehert,0
hich,0
tireod,0
zyoung,0
melo,0
threc,0
axngry,0
sprng,0
utheir,0
aple,0
quink,0
agaiqn,0
plave,0
firlst,0
forert,0
stoue,0
sa,0
sound,0
goint,0
thinkg,0
valdley,0
fkunny,0
pn,0
orane,0
orangew,0
poon,0
papzr,0
neer,0
en,0
thre,0
were,0
szummer,0
wxinter,0
nevjer,0
fbnny,0
pape,0
valloey,0
ountain,0
aftber,0
beljw,0
litht,0
clouf,0
bool,0
berryw,0
frrest,0
sumer,0
tird,0
orangeh,0
evnery,0
poict,0
wsound,0
fznny,0
summher,0
oher,0
ther,0
moruse,0
grkpe,0
plantq,0
funy,0
greyat,0
righ,0
learn,0
lant,0
desrt,0
morest,0
sa,0
pint,0
evetry,0
gstudy,0
word,0
seone,0
llarn,0
mousde,0
moase,0
mouxtain,0
melvon,0
teir,0
chai,0
glasq,0
cair,0
larzge,0
lare,0
paier,0
mountaic,0
tink,0
evqry,0
soud,0
woud,0
baana,0
orld,0
rbght,0
pslant,0
appl,0
lean,0
rwver,0
choir,0
qick,0
thxese,0
heuse,0
everyy,0
srmmer,0
poit,0
cobuld,0
threp,0
tied,0
fgrest,0
clen,0
theair,0
rdver,0
ckair,0
pple,0
worlt,0
sgring,0
wborld,0
zstone,0
coud,0
tudy,0
plale,0
deert,0
stome,0
whiceh,0
quivk,0
deset,0
bery,0
cther,0
phonfe,0
here,0
wrie,0
thee,0
blow,0
baerry,0
cloumd,0
placb,0
wite,0
brpve,0
dould,0
fowest,0
ligit,0
spriung,0
ever,0
mouhse,0
tudy,0
lnever,0
char,0
rivhr,0
yung,0
seound,0
mous,0
rivr,0
plagt,0
ater,0
hone,0
watepr,0
coulkd,0
odther,0
papr,0
acloud,0
abouy,0
funn,0
smarm,0
happs,0
desent,0
vplace,0
sudy,0
firsta,0
agoin,0
jafter,0
hwater,0
lighst,0
jheir,0
tires,0
evxry,0
mouutain,0
uarge,0
angr,0
eveey,0
dxsert,0
anana,0
smgart,0
pmace,0
nepver,0
cold,0
pn,0
mall,0
woud,0
stoee,0
adesert,0
hfirst,0
jcean,0
thre,0
msmall,0
melbn,0
abot,0
sounk,0
sytudy,0
tble,0
vally,0
summeyr,0
papelr,0
grap,0
wintear,0
valljey,0
thqse,0
sumer,0
dgrape,0
bnever,0
wold,0
tging,0
rier,0
bravpe,0
tehink,0
tese,0
syudy,0
rier,0
brok,0
mountan,0
stne,0
mountainq,0
othe,0
boxok,0
poant,0
esert,0
fijrst,0
glas,0
yowng,0
gzrape,0
writ,0
poinjt,0
zstone,0
stgdy,0
smalkl,0
mngry,0
sund,0
douse,0
quic,0
wtheir,0
gouse,0
grzpe,0
sadg,0
chir,0
layge,0
valle,0
glauss,0
zorange,0
clwud,0
applex,0
meon,0
paer,0
stud,0
waer,0
grapd,0
toree,0
writw,0
azter,0
bok,0
ouse,0
mountlain,0
sounid,0
smfart,0
cvlean,0
ekery,0
mouhtain,0
twater,0
smalg,0
tuable,0
appe,0
tabvle,0
orage,0
cqould,0
lesarn,0
abokut,0
pointz,0
gnlass,0
iater,0
firsut,0
evyery,0
nsad,0
thinvk,0
firstz,0
orane,0
rite,0
mounfain,0
tehing,0
pdone,0
rite,0
abqut,0
foresxt,0
quick,0
zen,0
sytone,0
oerry,0
tirfed,0
writeo,0
angy,0
tbhere,0
rad,0
woumld,0
tpen,0
watey,0
llant,0
chlean,0
waer,0
stucy,0
soon,0
hozuse,0
ktheir,0
lngry,0
bired,0
orandge,0
tiredi,0
abut,0
forzst,0
theie,0
poin,0
poit,0
soud,0
tabe,0
ahere,0
moutain,0
coucd,0
cjhair,0
apppe,0
clou,0
houwse,0
agains,0
awngry,0
orld,0
chaii,0
berr,0
mouseb,0
boozk,0
wynter,0
wornd,0
poinq,0
abouq,0
phon,0
estone,0
wheoe,0
aabout,0
berrya,0
yopung,0
hone,0
bravp,0
chairn,0
braove,0
ligh,0
earn,0
hoqse,0
whih,0
aple,0
bananad,0
ocelan,0
wprite,0
funnjy,0
funnl,0
thzese,0
orest,0
banaa,0
appe,0
ting,0
spootn,0
smal,0
deserst,0
bnana,0
cold,0
stddy,0
banaya,0
pant,0
waver,0
able,0
sprying,0
bpok,0
mozuse,0
summr,0
papyr,0
wher,0
lewrn,0
tirefd,0
brae,0
mselon,0
hese,0
phon,0
ligxht,0
learnp,0
ghouse,0
stud,0
mlean,0
piver,0
bhave,0
poimt,0
yhree,0
aple,0
uhich,0
berryj,0
uick,0
blow,0
vallex,0
melyon,0
rlight,0
wgrite,0
spoonb,0
woxrld,0
sxmmer,0
whic,0
waer,0
asfter,0
firs,0
smal,0
theior,0
sprinig,0
watr,0
clou,0
oceavn,0
en,0
kgrape,0
rfver,0
sa,0
foresft,0
wloud,0
smd,0
thse,0
goeat,0
ater,0
banang,0
thiig,0
abrut,0
glasvs,0
threm,0
bainana,0
mountais,0
cold,0
lare,0
phon,0
selow,0
anary,0
papvr,0
stne,0
fordst,0
spzring,0
grsat,0
bravm,0
thepe,0
studz,0
angain,0
berr,0
ligh,0
pev,0
apuple,0
woulj,0
uabout,0
funy,0
wnater,0
clod,0
dhappy,0
orhnge,0
lvearn,0
wihnter,0
plare,0
orwnge,0
futny,0
ater,0
sfd,0
swmall,0
wherxe,0
wouse,0
huse,0
ther,0
tableu,0
plaet,0
mtuntain,0
wjater,0
tuired,0
grejt,0
tireld,0
berrc,0
agin,0
mountaim,0
lould,0
amngry,0
wouvld,0
aboua,0
tireo,0
palace,0
aout,0
bfter,0
funy,0
wortld,0
gbook,0
theirn,0
wchair,0
summer,0
mall,0
woud,0
tred,0
theeir,0
theirc,0
deslrt,0
aboux,0
were,0
house,0
cean,0
lightm,0
bookn,0
lighl,0
funn,0
rver,0
hlant,0
watier,0
housye,0
thesye,0
thrmee,0
phree,0
pea,0
quicfk,0
elon,0
hhone,0
nmart,0
vally,0
desext,0
stonex,0
ruiver,0
able,0
pcn,0
whch,0
saper,0
qdesert,0
poitt,0
thxree,0
sring,0
wwrite,0
word,0
tuere,0
orang,0
pecn,0
theae,0
thse,0
mater,0
appy,0
wxater,0
deset,0
soud,0
poin,0
broave,0
yong,0
thin,0
coud,0
poinmt,0
shink,0
stofe,0
moise,0
plantt,0
beave,0
wiould,0
lare,0
sone,0
zinter,0
wriwe,0
witnter,0
shoon,0
mous,0
write,0
wbuld,0
mose,0
phtne,0
ocan,0
tiped,0
gevery,0
oange,0
lvght,0
spon,0
othei,0
rriver,0
abovt,0
oraage,0
thse,0
rive,0
panana,0
smazrt,0
happyp,0
ad,0
thtre,0
ouse,0
nabout,0
fhree,0
nevere,0
deseri,0
phdne,0
phne,0
belos,0
thisg,0
tied,0
theiru,0
moue,0
whtre,0
funnby,0
berrey,0
funnyy,0
